word,translation,toeic_target,sentence,trans_s
ability,n. 能力；才能,中級,She has the ability to solve complex problems quickly.,她有能力迅速解決複雜問題。
agreement,n. 協議；同意；一致,中級,1. They signed a trade agreement between the two countries. 2. We reached an agreement on the project deadline. 3. Her story was in agreement with the witness's account.,1. 他們簽署了兩國之間的貿易協定。 2. 我們就專案截止日期達成了一致。 3. 她的說法與證人的證詞相符。
enjoyment,n. 樂趣,中級,She gets a lot of enjoyment from playing the piano.,她從彈鋼琴中獲得了許多樂趣。
glove(s),n. 手套,初級,She put on her gloves before cleaning the house.,她戴上手套後才開始打掃房子。
goddess,n. 女神,中級,"In Greek mythology, Athena is the goddess of wisdom.",在希臘神話中，雅典娜是智慧女神。
media,n. 媒體,中級,The media plays an important role in shaping public opinion,媒體在塑造公眾輿論方面發揮著重要作用。
mine,n. 礦；礦山 v. 採礦,初級,1. The workers went deep underground to work in the mine. 2. They mine coal in this region.,1. 工人們深入地下礦坑工作。 2. 他們在這個地區開採煤炭。
online,adj. 線上的 adv. 線上地,初級,1. Many people shop using online stores nowadays. 2. She is online and available to chat.,1. 現在很多人都在網路上購物。 2. 她在線，可以聊天。
payment,n. 支付；薪水,中級,The payment was made by credit card.,付款方式為信用卡支付。
photograph,n. 照片,初級,He took a photograph of the sunset.,他拍了一張日落的照片。
photo,v. 拍照,初級,Can you take a photo of me?,你能幫我拍張照片嗎？
sore,adj. 疼痛的 n. 痛處，傷口；傷心事,初級,"1. After running, my legs felt sore. 2. He has a sore on his arm that won’t heal.",1. 跑步後，我的腿感覺​​很酸痛。 2. 他手臂上有一個傷口，一直不見好轉。
stair,n. 樓梯,初級,She ran up the stairs quickly.,她迅速跑上樓梯。
taxi/taxicab/cab,n. 計程車,初級,I took a taxi to the airport.,我搭計程車去了機場。
treatment,n. 對待；待遇；治療法,中級,1. The treatment of waste is important for the environment. 2. She was given special treatment at the hotel. 3. The patient received treatment for the infection.,1. 廢棄物處理對環境至關重要。 2. 她在飯店受到了特別照顧。 3. 病人接受了感染治療。
absence,n. 缺席；缺少,中級,1. Her absence from the meeting was noticed by everyone 2. The absence of evidence made it hard to solve the case.,1. 她缺席會議引起了所有人的注意。 2. 由於缺乏證據，案件難以偵破。
account,n. 帳戶；描述 v. 認為；解釋,中級,1. I opened a bank account last week. 2. He gave a detailed account of what happened.,1. 我上週開了一個銀行帳戶。 2. 他詳細地講述了事情經過。
actual,adj. 實際的,中級,The movie is based on actual events.,這部電影是根據真實事件改編的。
addition,n. 增加；附加；加法,初級,1. The new employee is a great addition to our team. 2. They built an addition to the house for extra space. 3. She’s learning addition and subtraction in math class.,1. 這位新進員工是我們團隊的得力幹將。 2. 他們擴建了房子，以獲得更多空間。 3. 她在數學課學習加減法。
admit,v. 承認；允許進入；接納,中級,1. He admitted that he made a mistake. 2. Only employees are admitted beyond this point. 3. They admitted him to the hospital last night.,1. 他承認自己犯了錯。 2. 只有員工才能進入此處。 3. 他們昨晚把他送進醫院了。
advance,n. 前進；發展；預付 v. 促進；進步,中級,1. The soldiers advanced toward the enemy base. 2. There have been major advances in medical technology. 3. We need to make an advance booking for the hotel. 4. He received an advance on his salary.,1. 士兵們向敵軍基地推進。 2. 醫療技術取得了重大進展。 3. 我們需要提前預訂飯店。 4. 他收到了一筆預支薪水。
affair,n. 事情；事務；(多指不正當的)戀情；事件,中級,1. He always tries to keep his personal affairs private. 2. The president promised not to interfere in foreign affairs. 3. He had an affair with his coworker. 4. The wedding was a grand affair.,1. 他總是盡量把自己的私事保密。 2. 總統承諾不干涉他國內政。 3. 他和同事有染。 4. 婚禮非常盛大。
aid,n. 幫助；助聽器 v. 幫助,中級,1. The country sent food aid to the disaster victims. 2. Hearing aids help people with hearing loss. 3. The organization aids refugees by providing shelter and medical care.,1. 該國向災民提供了食物援助。 2. 助聽器可以幫助聽力受損的人。 3. 該組織透過提供住所和醫療服務來援助難民。
aircraft,n. 航空器；飛機,中級,The aircraft took off smoothly despite the bad weather.,儘管天氣惡劣，飛機還是順利起飛了。
anytime,adv. 任何時候,初級,You can call me anytime if you need help,如果您需要幫助，可以隨時打電話給我。
anyway,adv. 無論如何,初級,"1. Anyway, let’s finish the work first. 2. It’s raining, but I’ll go out anyway.",1. 總之，我們還是先把工作做完。 2. 雖然下雨，但我還是要出去。
anywhere/anyplace,adv. 在任何地方,初級,1. I can go anywhere you want.,1. 我可以去任何你想去的地方。
ape,n. 大猩猩 v.模仿,初級,1.The ape climbed the tree quickly. 2.He tried to ape his boss’s behavior.,1. 這隻猿猴迅速爬上了樹。 2. 他試圖模仿老闆的行為。
appearance,n. 外貌；出現，露面,中級,1. Her appearance changed a lot after the haircut. 2. The sudden appearance of the cat startled me.,1. 她剪了頭髮後，外表變化很大。 2. 貓的突然出現嚇了我一跳。
appetite,n.胃口；食慾,初級,1. He has a big appetite and can eat a lot. 2. Stress can sometimes reduce your appetite.,1. 他食量很大，能吃很多。 2. 壓力有時會降低食慾。
apply,v. 申請；應用；塗抹,中級,1. She applied for a job at the company. 2. You can apply this method to solve other problems. 3. Apply the cream to your skin twice a day.,1. 她申請了這家公司的工作。 2. 你可以用這種方法解決其他問題。 3. 每天兩次將乳霜塗抹在皮膚上。
approach,n. 方法 v. 接近；靠近,中級,"1. We need a new approach to solve this problem. 2. As we approached the station, it started to rain.",1. 我們需要一種新的方法來解決這個問題。 2. 當我們接近車站時，開始下雨了。
argument,n. 爭論，爭吵；論點,中級,1. They had an argument about money last night. 2. Her main argument was that the law is unfair.,1. 他們昨晚因為錢的事吵了一架。 2. 她的主要論點是法律不公平。
arrangement,n. 安排；布置；協議，約定,中級,1. She made all the travel arrangements for the trip. 2. The flower arrangement on the table is beautiful. 3. We had an arrangement to meet at 7 p.m.,1. 她安排了這次旅行的所有行程。 2. 桌上的花束很漂亮。 3. 我們約好晚上7點見面。
arrival,n. 到達；(某人或某事)到來,中級,1. Our arrival at the hotel was delayed by traffic. 2. The arrival of spring brought warmer weather.,1. 由於交通堵塞，我們到達飯店的時間被耽擱了。 2. 春天的到來帶來了溫暖的天氣。
arrow,n. 箭,初級,Follow the arrow to find the exit.,跟著箭頭走就能找到出口。
article,n. 文章；冠詞,中級,1. I read an interesting article about space travel. 2. “The” is a definite article.,1. 我讀了一篇關於太空旅行的有趣文章。 2. 「The」是定冠詞。
attempt,n./v. 企圖；嘗試,中級,1. His attempt to break the record failed. 2. She attempted to lift the heavy box by herself.,1. 他打破紀錄的嘗試失敗了。 2. 她試圖獨自搬動那個沉重的箱子。
attend,v. 參加；照顧,中級,1. She will attend the meeting tomorrow morning. 2. The nurse attended the patient all night.,1. 她明天上午會參加會議。 2. 護士整夜都在照顧病人。
author,n. 作者；發起人 v. 創作；發起,中級,1. J.K. Rowling is the author of the Harry Potter series. 2. He was the author of the new company policy. 3. She authored several best-selling novels,1. J·K·羅琳是《哈利波特》系列的作者。 2. 他是新公司政策的製定者。 3. 她創作了多部暢銷小說。
average,adj. 平均的；一般的 n. 平均；平均數 v. 平均為...；使平衡,中級,"1. He’s just an average student, not particularly good or bad. 2. The average of 80, 90, and 100 is 90. 3. She averages 8 hours of sleep per night.",1. 他只是個普通學生，既不特別好也不特別差。 2. 80、90 和 100 的平均數是 90。3. 她平均每晚睡 8 小時。
backward,adv. 向後地 adj. 倒退的；落後的,初級,1. He took a step backward to avoid the falling object. 2. The company experienced backward movement in sales last quarter. 3. The region is still backward in terms of technology.,1. 他退後一步躲避掉落的物體。 2. 該公司上季銷售額出現下滑。 3. 該地區在技術方面仍落後。
balance,n. 平衡，均衡；餘額 v. 平衡,中級,1. She lost her balance and fell. 2. I checked my bank account balance online. 3. He balanced the books to avoid mistakes.,1. 她失去平衡跌倒了。 2. 我在網路上查詢了我的銀行帳戶餘額。 3. 他核對了帳目以避免出錯。
bar,n. 棒；沙洲；酒吧 v. 阻塞；禁止,初級,1. He ate a chocolate bar. 2. We met at a bar for drinks after work. 3. The fence acted as a bar to keep people out.,1. 他吃了一塊巧克力。 2. 我們下班後在酒吧見面喝酒。 3. 這道柵欄起到了屏障的作用，阻止人們進入。
basics,n. 基礎；基本原理,初級,"1. Before advanced lessons, you need to understand the basics. 2. The class covers the basics of computer programming.",1. 在學習高階課程之前，你需要掌握基礎知識。 2. 本課程涵蓋電腦程式設計的基礎知識。
basis,n. 基礎；根據；原因,中級,1. Trust is the basis of a good relationship. 2. Decisions were made on the basis of available data.,1. 信任是良好關係的基礎。 2. 所有決策均基於現有數據。
battle,n. 戰鬥；爭論，爭鬥 v. 與...作戰,中級,1. The soldiers fought bravely in the battle. 2. The two companies are in a battle for market share. 3. She is battling a serious illness.,1. 士兵們在戰鬥中英勇作戰。 2. 這兩家公司正在爭奪市場佔有率。 3. 她正在與重病奮戰。
beg,v. 乞求；乞討,初級,1. He begged her to stay. 2. The homeless man begged for money on the street.,1. 他懇求她留下。 2. 那個無家可歸的男人在街頭乞討。
being,n. 存在；生物,中級,1. Human beings have the ability to think 2. Aliens are fictional beings in many movies.,1. 人類有思考的能力。 2. 外星人是許多電影中的虛構生物。
belief,n. 信念，信條；看法,中級,1. Her belief in honesty is very strong. 2. There is a common belief that exercise improves health.,1. 她非常重視誠實。 2. 人們普遍認為運動有益健康。
bend,v. 使彎曲 n. 彎；曲,初級,1. Be careful not to bend the metal rod. 2. The car slowed down as it approached the bend in the road.,1. 注意不要彎曲金屬桿。 2. 汽車在接近道路彎道時減速。
better,adj. 較好的 adv. 更好地；更適當地 n. 更好的狀況 v. 改進,初級,1. This restaurant has better food than the one we went to last week. 2. He knows better than to lie. 3. She is trying to better her English skills.,1. 這家餐廳的食物比我們上週去的那家好。 2. 他很清楚說謊是不對的。 3. 她正在努力提升自己的英語能力。
billion,n. 十億；大量,中級,1. The company is worth over five billion dollars.,1. 該公司市值超過50億美元。
birth,n. 出生；分娩；誕生,初級,1. The baby’s birth was a joyful event for the family. 2. She gave birth to a healthy baby last night. 3. The birth of the Internet changed the world.,1. 孩子的出生對這個家庭來說是一件喜事。 2. 她昨晚生下了一個健康的寶寶。 3. 網路的誕生改變了世界。
biscuit,n. 小麵包(美式)；餅乾(英式),初級,She bought a pack of chocolate biscuits.,她買了一包巧克力餅乾。
bit,n. 一點；部分，片段 v. 咬,初級,1. Can you give me a bit of sugar? 2. I only saw a bit of the movie. 3. The dog bit the mailman.,1. 你能給我一點糖嗎？ 2. 我只看了電影的一小部分。 3. 狗咬了郵差。
border,n. 邊界，國界；邊緣 v. 與...相鄰，接壤,中級,1. The river forms the border between the two countries. 2. There is a decorative border around the picture frame. 3. Canada borders the United States to the south.,1. 這條河構成了兩國之間的邊界。 2. 相框周圍有一圈裝飾用的邊框。 3. 加拿大南部與美國接壤。
brain,n. 腦袋；智力,初級,1. The brain controls all the functions of the body. 2. She is the brain behind the successful project.,1. 大腦控制身體的所有功能。 2. 她是這個成功計畫的幕後功臣。
brand,n. 商標；烙印 v. 烙印；給...貼標籤,中級,"1. Nike is a well-known sports brand. 2. In the past, criminals were branded as punishment. 3. He was branded a liar after the scandal.",1. 耐吉是一個知名的運動品牌。 2. 過去，罪犯會被烙印作為懲罰。 3. 醜聞曝光後，他被指責為騙子。
brief,adj. 短暫的 n. 概要，簡報 v. 向...簡單說明,中級,1. We had a brief conversation before the meeting started. 2. The lawyer gave the judge a written brief. 3. The manager briefed the team on the new project.,1. 會議開始前我們進行了簡短的對話。 2. 律師向法官提交了一份書面陳述。 3. 經理向團隊簡要介紹了新專案。
brilliant,adj. 光輝的；傑出的,中級,1. The stars looked brilliant in the night sky. 2. She's a brilliant scientist with many important discoveries.,1. 夜空中繁星璀璨。 2. 她是一位傑出的科學家，有許多重要發現。
burden,n. 重擔；負擔 v. 使...有負擔,中級,1. Taking care of his sick parents is a heavy burden for him. 2. I don’t want to burden you with my problems.,1. 照顧生病的父母對他來說是個沉重的負擔。 2. 我不想讓我的問題成為你的負擔。
camel,n. 駱駝,初級,The camel can survive in the desert for a long time.,駱駝可以在沙漠中長時間生存。
capital,n. 首都；大寫字母；資本 adj. 首要的；大寫字母的；資本的,中級,1. Paris is the capital of France. 2. Please write your name in capital letters. 3. He invested a large amount of capital in his new business. 4. Education is of capital importance to a country's future.,1. 巴黎是法國的首都。 2. 請用大寫字母寫出你的名字。 3. 他在新公司投入了大量資金。 4. 教育對一個國家的未來至關重要。
cell,n. 牢房；細胞；電池,中級,1. The prisoner was locked in a small cell for the night. 2. The human body is made up of trillions of cells. 3. The flashlight needs two AA cells to work.,1. 這名囚犯當晚被關在一個小牢房裡。 2. 人體由數兆個細胞組成。 3. 這支手電筒需要兩顆AA電池才能運作。
chain,n. 鏈，鏈條；連鎖店；一連串 v. 拘禁；束縛,中級,1. He wore a gold chain around his neck. 2. This is a popular fast-food chain with stores all over the world. 3. The accident caused a chain of delays on the highway. 4. He chained his bike to the post.,1. 他脖子上戴著一條金項鍊。 2. 這是一家在世界各地都有分店的知名速食連鎖店。 3. 這起事故導致高速公路上出現一系列交通延誤。 4. 他用鏈條把腳踏車鎖在了柱子上。
challenge,n. 挑戰 v. 向...挑戰；質疑,中級,1. Climbing the mountain was a real challenge for him. 2. She challenged him to a game of chess. 3. He challenged the decision made by the manager.,1. 對他來說，攀登這座山峰真是個挑戰。 2. 她向他發起了下棋的挑戰。 3. 他對經理所做的決定提出了質疑。
chapter,n. 章，回；時期，階段,初級,1. I just finished reading Chapter 5 of the novel. 2. Moving to a new city was an exciting chapter in her life.,1. 我剛讀完這本小說的第五章。 2. 搬到新城市是她人生中一段令人興奮的篇章。
chemical,adj. 化學的 n. 化學製品,中級,1. The factory was shut down due to a chemical leak. 2. Some cleaning products contain harmful chemicals.,1. 由於化學品洩漏，工廠停產了。 2. 有些清潔產品含有有害化學物質。
chief,adj. 為首的；主要的 n. 領袖,中級,1. His chief reason for quitting was the long working hours. 2. The chief of the tribe welcomed the visitors warmly.,1. 他辭職的主要原因是工作時間太長。 2. 部落首領熱情地歡迎了來訪者。
china,n. 瓷器,初級,She collects antique china from the 18th century.,她收藏18世紀的古董瓷器。
chopstick(s),n. 筷子,初級,She dropped her chopsticks on the floor.,她把筷子掉在地上了。
claim,n./v. 主張，聲稱；要求,中級,1. He claims that he was not at the scene of the accident. 2.The company made a claim for insurance. 3. She claimed compensation for the damaged goods.,1. 他聲稱事發時他不在現場。 2. 該公司已向保險公司提出索賠。 3. 她要求賠償受損貨物。
classic,adj. 典型的 n. 古典著作,中級,1. This novel is a classic example of 19th-century literature 2. Pride and Prejudice” is considered a classic in English literature.,1. 這部小說是19世紀文學的經典。 2.《傲慢與偏見》被認為是英國文學的經典。
click,v. 點擊 n. 喀噠聲,初級,1. Click the button to start the game. 2. He heard a click as the door locked.,1. 點擊按鈕開始遊戲。 2. 他聽到喀嚓一聲，門鎖上了。
cloth,n. 布料，衣料,初級,She wiped the table with a clean cloth.,她用乾淨的抹布擦拭了桌子。
clothing,n. 衣服；覆蓋物,初級,The organization provided food and clothing for the victims.,該組織為受害者提供了食物和衣物。
coal,n. 煤礦,初級,Coal is used as a source of energy.,煤炭被用作能源。
cockroach/roach,n. 蟑螂,初級,I saw a cockroach in the kitchen last night.,昨晚我在廚房裡看到了一隻蟑螂。
cocoa,n. 可可豆,初級,I like drinking hot cocoa in winter.,冬天我喜歡喝熱可可。
cola/Coke,n. 可樂,初級,I ordered a glass of cola.,我點了一杯可樂。
combine,v. 結合,中級,She combines creativity with hard work to achieve success.,她將創造力與勤奮結合，從而取得了成功。
comic(s),adj. 喜劇的 n. 漫畫，喜劇演員,初級,1. The movie had a lot of comic moments 2. He enjoys reading Japanese comics. 3. The comic made the audience laugh nonstop.,1. 這部電影有很多搞笑橋段。 2. 他喜歡看日本漫畫。 3. 這部漫畫讓觀眾笑個不停。
commercial,adj. 商業的 n. 電視廣告,中級,1. The city is a major commercial center. 2. We watched a funny commercial during the Super Bowl.,1. 這座城市是重要的商業中心。 2. 我們在超級盃比賽期間看了一則有趣的廣告。
complex,adj. 複雜的 n. 複合物，心理情結,中級,1. This math problem is very complex. 2. They live in a large apartment complex. 3. He has a superiority complex.,1. 這道數學題非常複雜。 2. 他們住在一棟大型公寓大樓裡。 3. 他有優越感。
conclude,v. 結束；推斷,中級,"1. The meeting concluded at 5 p.m. 2. From the evidence, we can conclude that he is innocent.",1. 會議於下午5點結束。 2. 根據證據，我們可以得出結論，他是無辜的。
condition,n. 情況；條件；健康狀態 v. 決定；為...的條件,中級,1. The car is in good condition. 2. She works hard under difficult conditions 3. He suffers from a heart condition. 4. Your success conditions your future opportunities.,1. 這輛車車況良好。 2. 她在艱苦的條件下努力工作。 3. 他患有心臟病。 4. 你的成功決定了你未來的機會。
conflict,n./v. 衝突,中級,1.There was a conflict between the two countries. 2.Their stories conflict with each other.,1.兩國之間曾發生衝突。 2.他們的說法相互矛盾。
congratulation(s),n. 祝賀,初級,Congratulations on your graduation!,恭喜你畢業！
connection,n. 連接；關聯,中級,1. The internet connection is very slow today. 2. She has a connection to the company through her uncle.,1. 今天的網路連線速度很慢。 2. 她透過她叔叔與這家公司有聯繫。
consideration,n. 考慮；體貼；動機,高級,"1. After careful consideration, she decided to accept the job offer. 2.He showed great consideration for the elderly.",1. 經過仔細考慮，她決定接受這份工作。 2. 他對老人家非常體貼。
contact,n./v. 接觸；聯繫,中級,1. Do you have the contact information for the new client? 2. Please contact me if you have any questions.,1. 您有新客戶的聯絡方式嗎？ 2. 如有任何疑問，請與我聯絡。
contain,v. 包含；容納；控制,中級,"1. This box contains old photographs. 2. The stadium can contain 50,000 spectators. 3. Firefighters worked hard to contain the wildfire.",1. 這個盒子裡裝的是舊照片。 2. 這座體育場可容納5萬名觀眾。 3. 消防員們努力控制了這場山火。
countryside,n. 鄉村,初級,They spent the weekend relaxing in the countryside.,他們週末在鄉間放鬆身心。
crisis,n. 危機,中級,The company faced a financial crisis last year.,該公司去年面臨財務危機。
crow,n. 烏鴉；雞啼聲,初級,A crow was sitting on the tree branch.,一隻烏鴉棲息在樹枝上。
cultural,adj. 文化的；教養的,中級,The festival is a celebration of the city’s cultural heritage.,這個節日是對這座城市文化遺產的慶祝。
cycle,n. 週期 v. 循環，輪轉,中級,The water cycle is essential for life on Earth.,水循環對地球上的生命至關重要。
dancer,n. 舞者,初級,She wants to become a professional dancer.,她想成為一名職業舞蹈演員。
data,n. 資料，數據,中級,"The researchers collected data from over 1,000 participants.",研究人員收集了超過 1000 名參與者的數據。
debt,n. 債,中級,He is trying to pay off all his credit card debt.,他正在努力償還所有信用卡債務。
delay,n./v. 延緩,中級,1. There was a long delay before the train arrived. 2. They decided to delay the meeting until next week.,1. 火車晚點了很久才到。 2. 他們決定把會議延後到下週。
delivery,n. 運送，投遞，交貨；分娩,中級,1. The delivery will arrive in two days. 2. She had a smooth delivery last night.,1. 貨物將在兩天內送達​​。 2. 她昨晚生產很順利。
deny,v. 否定，否認；不允許,中級,1. He denied stealing the money. 2. They denied him access to the building.,1. 他否認偷了錢。 2. 他們拒絕他進入大樓。
depth,n. 深度(實體或抽象),中級,1. The pool has a depth of two meters. 2. Her speech showed great depth of understanding.,1. 泳池深兩公尺。 2. 她的演講展現了極深的理解力。
description,n. 描述，說明,中級,He gave a clear description of the suspect.,他詳細描述了嫌疑人的外貌特徵。
detail,n. 細節，詳情 v. 詳述,中級,1. She explained every detail of the plan. 2. The witness detailed what happened that night.,1. 她詳細解釋了計畫的每一個細節。 2. 證人詳細描述了當晚發生的事。
development,n. 發展；進展,中級,1. The development of new technology has changed our lives. 2. There has been a recent development in the investigation.,1. 新科技的發展改變了我們的生活。 2. 這項調查最近有了新的進展。
dialogue,n. 對話,中級,The book begins with a dialogue between a teacher and a student.,這本書以老師和學生之間的對話開頭。
director,n. 主管；導演,中級,1. She is the marketing director of the company. 2. The movie was directed by a famous director.,1. 她是這家公司的市場總監。 2. 這部電影是由一位著名導演執導的。
disagree,v. 不同意；(意見、觀點)不一致,初級,1. I disagree with your opinion. 2. They often disagree about how to raise their children.,1. 我不同意你的觀點。 2. 他們在如何教育孩子方面經常意見不合。
disagreement,n. 不同意；不一致；意見分歧,中級,1. There is a disagreement between the reports. 2. They had a serious disagreement about money.,1. 兩份報告之間存在分歧。 2. 他們在金錢問題上產生了嚴重分歧。
discovery,n. 發現；被發現的事物,中級,1. The discovery of penicillin changed modern medicine. 2. This fossil is an important discovery for scientists.,1. 青黴素的發現改變了現代醫學。 2. 這塊化石對科學家來說是個重要的發現。
disease,n. 疾病,中級,Heart disease is one of the leading causes of death worldwide.,心臟病是全球主要死因之一。
display,n. 陳列；顯示；展示；顯示器 v. 陳列；顯示；展示,中級,1. The store displays the newest products in the front window. 2. The monitor displays the results instantly. 3. There was a beautiful flower display at the entrance. 4.The display on this phone is very clear.,1. 商店在櫥窗裡展示最新產品。 2. 顯示器立即顯示結果。 3. 入口處擺放著美麗的花卉。 4. 這款手機的顯示器非常清晰。
division,n. 分割，劃分；部門，分支；除法,中級,1. The division of the land caused many arguments. 2. He works in the marketing division of the company. 3. Division is one of the four basic math operations.,1. 土地分割引發了許多爭論。 2. 他在公司的行銷部工作。 3. 除法是四則運算之一。
domestic,adj. 家庭的；國內的；馴養的,中級,1. She left her job to focus on domestic responsibilities. 2. The airline only offers domestic flights. 3. Dogs and cats are common domestic animals.,1. 她辭職是為了專心照顧家庭。 2. 這家航空公司只提供國內航班。 3. 狗和貓是常見的家養動物。
dove,n. 鴿子,初級,A white dove is often a symbol of peace.,白鴿通常是和平的象徵。
drawing,n. 圖畫；繪畫(行為)；抽籤,初級,1. She showed me a beautiful pencil drawing of a cat. 2. Drawing helps children develop creativity. 3. They held a drawing to decide who would go first.,1. 她給我看了一幅很漂亮的貓的鉛筆畫。 2. 畫畫有助於孩子培養創造力。 3. 他們透過抽籤決定誰先來。
drug,n. 藥品；毒品 v. 服麻醉藥；吸毒；給...服藥,中級,1. The doctor prescribed a new drug for her illness. 2. He was arrested for possession of illegal drugs. 3. The patient was drugged before the surgery.,1. 醫生開了治療疾病的新藥給她。 2. 他因持有非法毒品被捕。 3. 病人在手術前被注射了藥物。
due,adj. 到期的；應支付的；應得的 adv. 正向 n. 應得之物；應付款,中級,1. The payment is due next Monday. 2. She received the due respect for her hard work.,1. 付款截止日期是下週一。 2. 她辛勤工作，得到了應有的尊重。
dull,adj. 單調的，無聊的；鈍的；遲鈍的 v. 使遲鈍,中級,1. The movie was so dull that I fell asleep. 2. This knife is too dull to cut the meat.,1. 這部電影太無聊了，我睡著了。 2. 這把刀太鈍了，切不動肉。
earring(s),n. 耳環,初級,She is wearing gold earrings.,她戴著金耳環。
eastern,adj. 東方的,初級,The eastern part of the country is known for its beautiful landscapes.,該國東部地區以其美麗的風景而聞名。
edition,n. 發行數；版本,中級,This is the latest edition of the textbook.,這是該教材的最新版本。
effect,n. 結果；作用；影響 v. 造成；招致,中級,1. The medicine had a positive effect on her health. 2. The new law will effect significant changes in the industry.,1. 這種藥對她的健康有正面作用。 2. 新法將對該行業產生重大影響。
effective,adj. 有效的；生效的；有影響力的,中級,1. The new medicine is very effective in treating headaches. 2. The policy will be effective starting next month.,1. 這種新藥治療頭痛非常有效。 2. 這項政策將於下個月生效。
electrical,adj. 電的,中級,The electrical system in the house needs to be repaired.,房子裡的電路系統需要維修。
employee,n. 雇員,中級,The company has over 500 employees.,該公司擁有超過500名員工。
employer,n. 雇主,中級,The employer provides health insurance to all employees.,雇主為所有員工提供醫療保險。
employment,n. 雇用；就業；工作,中級,He is looking for employment in the tech industry.,他正在尋找科技業的工作。
empty,adj. 空的；未佔用的；空虛的 v. 倒空；使變空,初級,1. The box is empty. 2. He felt empty after the argument. 3. Please empty the trash can.,1. 盒子是空的。 2. 爭吵後他感到很空虛。 3. 請清空垃圾桶。
encourage,v. 鼓勵,中級,My parents always encourage me to do my best,我的父母總是鼓勵我做到最好。
encouragement,n. 鼓勵,中級,Thank you for your encouragement.,謝謝你的鼓勵。
ending,n. 結局,初級,The movie had a surprising ending.,這部電影的結局出人意料。
entire,adj. 全部的，整個的,中級,He ate the entire cake by himself.,他一個人把整個蛋糕都吃光了。
environmental,adj. 環境的,中級,We must take environmental problems seriously.,我們必須認真看待環境問題。
escape,n./v. 逃跑；逃脫,中級,1. The prisoner tried to escape from jail. 2. Their only escape was through the window.,1. 這名囚犯試圖越獄。 2. 他們唯一的逃生路徑是從窗戶逃走。
essay,n. 文章；散文；論文,中級,I wrote an essay about my summer vacation.,我寫了一篇關於暑假的文章。
exact,adj. 精確的 v. 強求，勒索,中級,1. I need the exact time of the meeting. 2. The kidnappers exacted a large ransom.,1. 我需要會議的確切時間。 2. 綁匪索要了巨額贖金。
examination/exam,n. 考試,初級,The students are preparing for their final examination.,學生們正在準備期末考。
examine,v. 檢查；調查；考試,中級,1. The doctor examined the patient carefully. 2. We need to examine the evidence before making a decision. 3. The teacher will examine the students next week.,1. 醫生仔細檢查了病人。 2. 我們需要在做決定前檢討證據。 3. 老師下週將對學生進行考核。
excitement,n. 興奮；激動；刺激,中級,1. The children showed great excitement on Christmas morning. 2. There was a lot of excitement before the big game.,1. 聖誕節早上，孩子們表現得非常興奮。 2. 大賽開始前，大家都很興奮。
existence,n. 存在,高級,The existence of life on other planets is still unknown.,其他星球上是否存在生命仍是個謎。
expense,n. 費用；經費；代價,中級,The trip was cancelled because of the high expense.,由於費用過高，這次旅行被取消了。
expert,n. 專家 adj. 有經驗的；專業的,中級,1. She is an expert in computer science. 2. He gave an expert analysis of the situation.,1. 她是電腦科學專家。 2. 他對情況進行了專業的分析。
expression,n. 表情；表示,中級,1. Her facial expression showed surprise. 2. This painting is an expression of the artist's feelings.,1. 她臉上露出驚訝的表情。 2. 這幅畫表達了藝術家的情感。
eyebrow/brow,n. 眉毛,初級,She raised her eyebrows in surprise.,她驚訝地挑了挑眉。
factor,n. 因素；代理人；因數,中級,"1. Weather is an important factor in deciding the event date. 2. In math, a factor is a number that divides another number evenly.",1. 天氣是決定活動日期的重要因素。 2. 在數學中，因數是指能整除另一個數的數。
failure,n. 失敗,中級,"Despite his failure, he never gave up.",儘管失敗了，但他從未放棄。
fashion,n. 流行樣式；時尚 v. 製作；把...塑造成,中級,1. The dress was made in the fashion of the 1920s. 2. She loves keeping up with the latest fashion trends. 3. The artist fashioned a sculpture out of clay.,1. 這件洋裝是按照20世紀20年代的風格製作的。 2. 她喜歡追逐最新的時尚潮流。 3. 這位藝術家用黏土製作了一個雕塑。
fate,n. 命運,中級,Some people believe that fate determines everything in life.,有些人認為命運決定了人生的一切。
favor,n. 幫忙；贊成；偏袒 v. 支持；贊同；偏袒,中級,1. Can you do me a favor and help me with this? 2. She showed favor to the new employee. 3. The teacher favored students who participated actively.,1. 你能幫我個忙嗎？ 2. 她對新進員工很優待。 3. 老師偏愛積極參與課堂的學生。
feature,n. 特徵，特色 v. 以...為特色,中級,1. The smartphone has many useful features. 2. The festival features local artists and musicians.,1. 這款智慧型手機有許多實用功能。 2. 這個節日以當地藝術家和音樂家為特色。
fellow,n. 夥伴；學術會員,中級,He seems like a nice fellow.,他看起來是個不錯的人。
female,adj. 女性的 n. 女性,初級,1. She was the first female president of the country. 2. The doctor is a female.,1. 她是該國第一位女總統。 2. 這位醫生是位女性。
field,n. 田野，原野；領域；欄位,中級,1. The cows are grazing in the field. 2. She is an expert in the field of medicine.,1. 牛群正在田野裡吃草。 2. 她是醫學領域的專家。
figure,n. 體型，外型；人物(尤指知名人物)；數字；圖表 v. 估計；描繪,中級,1. She has a slim figure. 2. He is a well-known figure in the music industry. 3. Can you read this figure? 4. Look at figure 2 in the textbook. 5. I figure he’ll be late again.,1. 她身材苗條。 2. 他是音樂界一位知名人士。 3. 你能讀懂這個圖嗎？ 4. 請看課本上的圖2。5. 我覺得他又要遲到了。
fireman/firewoman,n. 消防員,初級,The fireman rescued the child from the burning house.,消防員從著火的房子裡救出了孩子。
firm,n. 商行；公司 adj. 穩固的 v. 使牢固 adv. 牢固地,中級,1. He works for a law firm. 2. The ground was firm under our feet. 3. We need to firm up the plan before presenting it.,1. 他在一家律師事務所工作。 2. 我們腳下的地面很穩固。 3. 我們需要在提交計劃之前完善它。
flat,adj. 平坦的 adv. 平坦地；仰臥地 n. 平坦部分,初級,1. The road is flat and easy to walk on.,1. 這條路平坦易行。
flow,n./v. 流動,中級,1. The flow of water was very strong. 2. The river flows into the sea.,1. 水流非常湍急。 2. 河流流入大海。
folk,n. 眾人；民謠 adj. 民間的；傳統的,中級,1. Some folks prefer the countryside to the city. 2. She enjoys listening to folk from Ireland. 3. He’s a collector of folk art.,1. 有些人喜歡鄉村而不是城市。 2. 她喜歡聽愛爾蘭民謠。 3. 他是一位民間藝術收藏家。
following,adj. 接著的；下列的 prep. 在...以後 n. 追隨者；下列人事物,中級,"1. Please read the following instructions carefully. 2. Following the meeting, we had lunch together. 3. The singer has a huge following on social media.",1. 請仔細閱讀以下說明。 2. 會後，我們一起吃了午餐。 3. 這位歌手在社群媒體上擁有眾多粉絲。
force,n. 力量 v. 強迫,中級,1. The force of the wind broke the window. 2. They forced him to apologize.,1. 強風把窗戶吹破了。 2. 他們強迫他道歉。
forth,adv. 向前,高級,She stepped forth to speak.,她走上前去發言。
forward/forwards,adv. 向前；向將來 adj. 前方的；向前的；未來的；冒失的 v. 轉寄(郵件),初級,1. Please move forward in the line 2. The forward part of the ship was damaged. 3. She is very forward in speaking her mind. 4. I will forward your email to the manager.,1. 請向前走。 2. 船頭受損了。 3. 她說話很直率。 4. 我會把你的郵件轉寄給經理。
found,v. 創立,中級,They founded a new company last year,他們去年創立了一家新公司。
fries,n. 炸薯條,初級,I ordered a burger with fries.,我點了一份漢堡和薯條。
function,n. 功能 v. 運轉；起作用,中級,1. The function of the heart is to pump blood. 2. The machine is functioning properly.,1. 心臟的功能是泵血。 2. 這台機器運轉正常。
further,adv. 更進一步地；更遠地 adj. 更遠的；進一步的 v. 促進,中級,1. The investigation will continue further next week. 2. We need further information before making a decision. 3. She worked hard to further her career.,1. 下週將繼續進行調查。 2. 我們需要更多資訊才能做出決定。 3. 她努力工作以促進自己的事業發展。
gardener,n. 園丁；花匠,初級,The gardener waters the flowers every morning.,園丁每天早上都會​​給花澆水。
garlic,n. 大蒜,初級,I like pasta with garlic and olive oil.,我喜歡蒜蓉橄欖油意麵。
giraffe,n. 長頸鹿,初級,The giraffe has a very long neck.,長頸鹿的脖子很長。
govern,v. 統治；治理,中級,The country is governed by a democratically elected president.,該國由民選總統治理。
gradual,adj. 逐漸的；平緩的,中級,There has been a gradual improvement in his health.,他的身體狀況已逐漸改善。
grain,n. 穀物,中級,1. The farmer harvested tons of grain this year.,1. 這位農民今年收穫了數噸糧食。
grand,adj. 雄偉的；重大的；極好的,中級,1. They held a grand ceremony to celebrate the opening of the new museum. 2. She has grand dreams of becoming a famous actress. 3. That was a grand vacation!,1. 他們舉行了盛大的儀式來慶祝新博物館的開幕。 2. 她夢想成為一名著名演員。 3. 那是個非常棒的假期！
growth,n. 生長；發育；成長,中級,1. A healthy diet is important for a child’s growth. 2. The company has seen rapid growth in recent years,1. 健康的飲食對孩子的成長至關重要。 2. 該公司近年來發展迅速。
gymnasium/gym,n. 體育館,初級,The students are playing basketball in the gymnasium.,學生們正在體育館打籃球。
hamburger/burger,n. 漢堡,初級,I ate a hamburger for lunch.,我午餐吃了漢堡。
heaven,n. 天國；極樂之地，天堂；天空，天際,初級,1. She believes her grandmother is in heaven. 2. This beach is like heaven. 3. The heavens opened and it began to pour.,1. 她相信她的祖母在天堂。 2. 這片海灘宛如天堂。 3. 天裂開了，下起了傾盆大雨。
hero/heroine,n. 英雄；女英雄,初級,He is considered a hero for saving the child.,他因救了孩子而被視為英雄。
highly,adv. 非常；很；高地,中級,1. She is a highly intelligent woman. 2. This is a highly sensitive issue.,1. 她是一位非常聰明的女性。 2. 這是一個高度敏感的問題。
hike,n. 健行 v. 遠足；(價格等)上升,初級,1. We went for a 10-kilometer hike. 2. We hiked in the mountains last weekend. 3. The government plans to hike fuel prices.,1. 我們徒步走了10公里。 2. 我們上週末去山裡健行了。 3. 政府計劃提高燃油價格。
hippopotamus/hippo,n. 河馬,初級,We saw a hippo at the zoo.,我們在動物園看到了河馬。
historical,adj. 歷史的,中級,This book is about historical events in ancient China.,這本書講述的是中國古代的歷史事件。
host/hostess,n. 主人；主持人；主辦人 v. 主持；主辦,中級,1. He was a generous host at the party. 2. Taiwan will host the international conference next year.,1. 他在聚會中非常慷慨。 2. 台灣將於明年主辦國際會議。
huge,adj. 巨大的；龐大的,初級,1. They live in a huge house near the beach. 2. There was a huge crowd at the concert.,1. 他們住在海邊一棟很大的房子。 2. 音樂會現場人山人海。
ideal,adj. 理想的 n. 理想；典範,中級,1. This is the ideal place for a vacation. 2. He strives to live up to his ideals.,1. 這是理想的度假勝地。 2. 他努力實踐自己的理想。
identity,n. 身分；獨特性；認同感,中級,1. He showed his identity card to the officer. 2. Cultural identity is important to many people. 3. She struggles with her identity as an artist.,1. 他向警官出示了身分證。 2. 文化認同對許多人來說很重要。 3. 她為自己作為藝術家的認同而苦惱。
image,n. 影像；形象 v. 影像化，描繪；反映,中級,1. The image on the screen was very clear. 2. The company is trying to improve its public image. 3. The artist imaged the scene beautifully in his painting.,1. 螢幕上的影像非常清晰。 2. 這家公司正在努力改善其公眾形象。 3. 這位藝術家在他的畫作中將這一場景描繪得非常優美。
impressive,adj. 令人印象深刻的,中級,The singer gave an impressive performance last night.,這位歌手昨晚的表演令人印象深刻。
improvement,n. 改善,中級,There has been a significant improvement in her health.,她的健康狀況有了顯著改善。
indeed,adv. 的確,中級,"1. She is indeed very talented. 2. Indeed, it was the best day of my life.",1. 她確實非常有才華。 2. 的確，那是我一生中最美好的一天。
independence,n. 獨立,中級,The country declared its independence in 1945.,該國於1945年宣布獨立。
individual,adj. 個人的，獨特的 n. 個人,中級,1. Each student has individual needs. 2. Every individual is responsible for their actions.,1. 每個學生都有各自的需求。 2. 每個人都應該為自己的行為負責。
industry,n. 工業,中級,The technology industry is growing rapidly.,科技業正在快速發展。
instance,n. 例子,中級,This is a good instance of teamwork.,這是團隊合作的一個很好的例子。
instead,adv. 反而；代替,初級,"1. I didn’t go to the party. Instead, I stayed home and read a book. 2. Use oil instead of butter in this recipe.",1. 我沒去參加聚會，而是待在家裡看書。 2. 這道菜譜裡用植物油代替奶油。
instruction,n. 教導；指示；使用說明，操作指南,中級,1. The teacher gave clear instructions to the students. 2. Please read the instructions carefully before using the machine. 3. The judge issued instructions to the jury.,1. 老師給學生們下了清晰的指示。 2. 請在使用機器前仔細閱讀說明書。 3. 法官向陪審團下達了指示。
internal,adj. 內部的；內在的；體內的,中級,1. The company is facing some internal problems. 2. She has an internal struggle about her decision. 3. He suffered internal injuries in the accident.,1. 公司面臨一些內部問題。 2. 她對自己的決定感到內心掙扎。 3. 他在事故中遭受了內傷。
internet,n. 網際網路,初級,The internet helps us find information quickly.,網路幫助我們快速找到資訊。
introduction,n. 介紹；引言；引進；入門,中級,1. et me give you an introduction to our new team member. 2. The introduction of the book explains the main topics. 3. The introduction of new technology improved productivity. 4. This is an introduction to programming course.,1. 讓我來介紹一下我們團隊的新成員。 2. 本書的引言部分闡述了主要內容。 3. 新技術的引進提高了生產力。 4. 這是一門程式設計入門課程。
jog,v. 慢跑；輕撞 n. 輕推；慢跑,初級,1. I jog every morning to keep fit. 2. She jogged my memory about the meeting. 3. Going for a jog in the park is relaxing.,1. 我每天早上慢跑以保持健康。 2. 她提醒了我關於會議的事。 3. 在公園慢跑很放鬆。
joint,adj. 共同的；接頭的；連接的 n. 關節,中級,1. They made a joint decision to start a business. 2. My knee joint hurts after running.,1. 他們共同決定創業。 2. 我跑步後膝關節疼痛。
journal,n. 雜誌；期刊,中級,The research was published in a scientific journal.,該研究成果發表在科學期刊。
judgement/judgment,n. 判斷，判斷力；判決；看法,高級,"1. She showed good judgment in handling the problem. 2. The court’s judgment was in favor of the defendant. 3. In my judgment, this is the best option.",1. 她在處理這個問題上表現出了良好的判斷力。 2. 法院的判決對被告有利。 3. 我認為這是最佳選擇。
justice,n. 公平；正義；司法；審判,高級,1. Everyone deserves justice regardless of their background. 2. The justice system is designed to protect citizens’ rights. 3. The judge delivered justice in the courtroom.,1. 無論出身如何，人人都應享有公正。 2. 司法系統旨在保護公民權利。 3. 法官在​​法庭上伸張了正義。
keeper,n. 管理者；看守人,初級,1. The zoo keeper takes care of the animals. 2. He is the keeper of the old manuscripts.,1. 動物園管理員負責照顧動物。 2. 他是古代手稿的保管人。
ladybug,n. 瓢蟲,初級,Children like to catch ladybugs in the garden.,孩子們喜歡在花園裡捉瓢蟲。
lane,n. 車道；小路，巷弄,初級,1. Stay in your lane while driving. 2. They live in a quiet lane behind the main street.,1. 開車時請保持在自己的車道內。 2. 他們住在主街後面一條安靜的小巷子裡。
lap,n. 大腿部（坐著時大腿上方平坦部分）；（賽跑、游泳等的）一圈 v. 舔；（水等）輕拍，輕輕拍打；（比賽中）超過（對手）,初級,1. She placed the baby on her lap. 2. He completed the first lap of the race quickly. 3. The dog lapped the water from the bowl. 4. The waves lapped against the shore gently. 5. The runner lapped his opponent twice before the finish.,1. 她把嬰兒放在腿上。 2. 他很快就跑完了比賽的第一圈。 3. 狗舔著碗裡的水。 4. 海浪輕輕地拍打著海岸。 5. 這位跑者在終點線前套圈了對手兩圈。
leadership,n. 指揮；統率力，領導能力；領導階級,高級,1. Good leadership is essential for a successful team. 2. She took on a leadership role in the company.,1. 優秀的領導力是團隊成功的關鍵。 2. 她在公司擔任了領導職務。
legal,adj. 法律上的；合法的,高級,1. They are seeking legal advice from a lawyer. 2. Smoking is legal only in designated areas.,1. 他們正在向律師尋求法律建議。 2. 吸煙僅在指定區域合法。
length,n. 長度；期間,初級,1. The length of the table is two meters. 2. The movie’s length is about two hours.,1. 這張桌子的長度是兩公尺。 2. 這部電影的片長大約是兩個小時。
lens,n. 鏡片；透鏡,中級,I need to clean the camera lens before taking pictures.,拍照前我需要清潔相機鏡頭。
liberal,adj. 開明的，開放的，心胸寬闊的 n. 自由主義者,高級,1. She has a liberal attitude towards education. 2. The government adopted liberal policies to encourage growth. 3. He is very liberal with his time and money. 4. Many liberals advocate for social justice.,1. 她對教育持開放態度。 2. 政府採取了開放政策來鼓勵經濟成長。 3. 他非常慷慨地支配自己的時間和金錢。 4. 許多自由主義者倡導社會正義。
listener,n. 聽眾,初級,A good listener makes people feel comfortable.,好的傾聽者能讓人感到自在。
liver,n. 肝臟；居住者,初級,The liver helps to detoxify the blood.,肝臟有助於血液解毒。
load,n. 裝載；負擔 v. 裝載,中級,1. The truck carried a heavy load of bricks. 2. I have a lot of work load this week. 3. They loaded the boxes onto the truck.,1. 這輛卡車運載了大量的磚塊。 2. 我這週工作量很大。 3. 他們把箱子裝上了卡車。
lone,adj. 孤單的,中級,She made a lone decision to travel abroad.,她獨自決定出國旅行。
loss,n. 喪失；遺失；損失,中級,1. He is still grieving the loss of his father. 2. The company suffered a loss of profits last year.,1. 他仍在為父親的死而悲痛。 2. 該公司去年獲利下滑。
lower,adj. 較低的，下面的 v. 放下；放低；減低 n.較低的部分,初級,1. The lower shelf is for books. 2. Please lower your voice. 3. The company decided to lower prices to attract customers. 4. The lower of the two drawers is stuck.,1. 下層架子是放書的。 2. 請降低音量。 3. 公司決定降價以吸引顧客。 4. 兩個抽屜中下面的卡住了。
luck,n. 運氣；幸運,初級,1. Sometimes luck plays a big role in success. 2. He had the luck to find a job quickly.,1. 有時運氣在成功中扮演著重要角色。 2. 他很幸運，很快就找到了一份工作。
maintain,v. 保持；保養；主張，堅持,中級,1. It’s important to maintain a healthy lifestyle. 2. The company maintains its equipment regularly. 3. She maintains that she was not at the scene.,1. 保持健康的生活方式很重要。 2. 該公司定期維護設備。 3. 她堅稱自己當時不在現場。
manage,v.管理，經營；處理，應付,中級,1. She manages a team of 10 employees. 2. He managed to finish the project on time. 3. Can you manage without help?,1. 她管理著一個由10名員工組成的團隊。 2. 他按時完成了專案。 3. 你能獨立完成工作嗎？
management,n. 管理；管理階層；處理,中級,1. Good management is key to a successful business. 2. The management decided to increase salaries. 3. Time management is important for students.,1. 良好的管理是企業成功的關鍵。 2. 管理階層決定提高薪資。 3. 時間管理對學生來說很重要。
marriage,n. 結婚,初級,Their marriage lasted for 20 years.,他們的婚姻持續了20年。
mate,n. 同伴，伴侶 v. 交配；配對,初級,1. He’s my best mate since childhood. 2. The bird found its mate during the spring. 3. The animals mate in the spring.,1. 他是我從小到大的摯友。 2. 這隻鳥在春天找到了它的伴侶。 3. 這些動物在春天交配。
material,n. 材料 adj. 實質的；重要的,中級,1. The dress is made of high-quality material. 2. The material evidence was crucial to the case.,1. 這件連身裙由優質面料製成。 2. 物證對案件至關重要。
mature,adj. 成熟的 v. 成熟，長大；（保險、債券）到期,中級,1. She is very mature for her age. 2. These fruits take a few days to mature. 3. The investment will mature in five years.,1. 她年紀雖小，但非常成熟。 2. 這些水果需要幾天才能成熟。 3. 這項投資將在五年後到期。
means,n. 手段；方法,中級,1. Education is a means to success. 2. We must find a means of communication.,1. 教育是通往成功的途徑。 2. 我們必須找到溝通的途徑。
measurement,n. 測量；測量值，尺寸,中級,1. Accurate measurement is essential in science. 2. Her waist measurement is 65 centimeters. 3. Take the room’s measurements before buying furniture.,1. 在科學中，精確測量至關重要。 2. 她的腰圍是65公分。 3. 購買家具前，請先測量房間尺寸。
medical,adj. 醫學的，醫療的，醫用的,中級,She needs medical attention right away.,她需要立即就醫。
melody,n. 旋律,中級,This song has a beautiful melody.,這首歌旋律優美。
membership,n. 會員資格,中級,She applied for membership in the gym.,她申請了健身房會員卡。
mention,v. 提及；說起 n. 提及；說起,中級,1. He didn’t mention anything about the party 2. Her name got a special mention in the speech.,1. 他沒有提到聚會的事。 2. 她的名字在演講中被特別提及。
military,adj. 軍隊的 n. 軍隊,中級,1. They took military action against the rebels. 2. The military is preparing for a possible attack.,1. 他們對叛軍採取了軍事行動。 2. 軍方正在為可能發生的攻擊做準備。
minority,n. 少數,高級,The minority of students preferred online classes over in-person ones.,少數學生喜歡線上課程而不是面授課程。
mixture,n. 混合物,中級,"The cake batter is a mixture of flour, eggs, and sugar.",蛋糕糊是由麵粉、雞蛋和糖混合而成的。
mood,n. 情緒；心境,初級,She’s in a good mood today because she got the job.,她今天心情很好，因為她找到工作了。
mug,n. 杯子,初級,She bought a cute mug with a cat on it.,她買了一個印有貓咪圖案的可愛馬克杯。
musical,adj. 音樂的 n. 歌舞劇；音樂片,初級,1. She has a very musical voice. 2. We went to see a famous musical last night.,1. 她的嗓音非常動聽。 2. 我們昨晚去看了一部著名的音樂劇。
nearby,adj. 附近的 adv. 在附近,初級,"1. There is a nearby supermarket where we can buy groceries. 2. She lives nearby, so we often meet for coffee.",1. 附近有一家超市，我們可以去那裡買菜。 2. 她住在附近，所以我們常常一起喝咖啡。
nerve,n. 神經；勇氣，膽量,中級,1. The doctor explained how the nerves transmit signals to the brain. 2. It took a lot of nerve for him to speak up in the meeting.,1. 醫生解釋了神經如何將訊號傳遞到大腦。 2. 他在會議上發言需要很大的勇氣。
network,n. 網狀系統；電腦網路 v. 建立人脈；用網覆蓋,中級,1. The internet is a global network connecting millions of computers. 2. She attends conferences regularly to network with professionals in her field.,1. 網路是一個連接數百萬台電腦的全球網路。 2. 她定期參加會議，與業內專業人士建立聯繫。
northern,adj. 北方的,初級,They traveled through the northern part of the country.,他們遊歷了該國北部地區。
obvious,adj. 明顯的,中級,It’s obvious that she’s upset about something.,很明顯，她有心事。
occur,v. 發生，出現；(想法)浮現,中級,1. The accident occurred late last night. 2. It didn’t occur to me that she might be lying.,1. 事故發生在昨晚深夜。 2. 我當時根本沒想到她可能會說謊。
official,adj. 官方的；正式的 n. 官員；公務員,中級,1. The official statement was released this morning. 2. A government official visited the disaster area yesterday.,1. 官方聲明於今天上午發布。 2. 一位政府官員昨天視察了災區。
operate,v. 營運；操作,中級,1. The company operates in over 20 countries. 2. He knows how to operate heavy machinery.,1. 該公司業務遍及20多個國家。 2. 他懂得如何操作重型機械。
operator,n. 操作者；接線生；經營者,中級,1. The machine stopped working because the operator made a mistake. 2. She worked as a telephone operator in the 1980s. 3. The tour operator arranged everything for our trip.,1. 機器停止運轉是因為操作員操作失誤。 2. 她在1980年代當過電話接線員。 3. 旅行社為我們的旅行安排好了一切。
organ,n. 器官；機構；風琴,中級,1. The heart is a vital organ in the human body. 2. She plays the organ at church every Sunday. 3. The newspaper is considered the official organ of the party.,1. 心臟是人體重要的器官。 2. 她每週日都在教堂演奏管風琴。 3. 這份報紙被認為是該黨的官方機關報。
organization,n. 組織，團體；安排，籌劃,中級,1. He works for an international organization that helps refugees. 2. The success of the event was due to excellent organization.,1. 他在一個幫助難民的國際組織工作。 2. 這次活動的成功歸功於優秀的組織工作。
origin,n. 起源，由來；出身,中級,1. The origin of the custom is unclear. 2. She is a writer of French origin.,1. 該習俗的起源尚不清楚。 2. 她是一位法裔作家。
painting,n. 圖畫,初級,That painting was created by a famous Italian artist.,那幅畫是一位義大利著名藝術家創作的。
participate,v. 參與,中級,Many students participated in the school sports day.,許多學生參加了學校運動會。
particular,adj. 獨特的，特別的；挑剔的 n. 細節；事項,中級,1. I’m looking for a particular book about history. 2. He’s very particular about his food. 3. Can you give me more particulars about the event?,1. 我在找一本關於歷史的書。 2. 他對食物非常講究。 3. 你能告訴我更多關於這個活動的細節嗎？
password,n. 密碼,初級,Please enter your password to log in.,請輸入密碼登入。
peak,n. 山頂，頂峰；最高點 v. 達到高峰；聳起,中級,1. We reached the peak of the mountain after five hours of hiking. 2. Sales peaked last December during the holiday season. 3. The athlete is in peak condition for the competition.,1. 我們徒步五個小時後到達了山頂。 2. 去年12月假期季期間，銷售額達到最高峰。 3. 這位運動員正處於比賽的最佳狀態。
per,prep. 每，每一；經過，透過,中級,The speed limit is 60 miles per hour.,限速為每小時 60 英里。
personality,n. 個性，性格；人格,中級,1. She has a cheerful personality that makes everyone like her. 2. Your personality plays a big role in how you interact with others.,1. 她個性開朗，人人都喜歡她。 2. 你的性格在你與他人的互動方式中扮演重要角色。
phrase,n. 片語 v. 用言語表達；用詞,中級,1. “Break a leg” is a common phrase used to wish someone good luck. 2. The speaker carefully phrased his argument to avoid offending anyone.,1. 「祝你演出成功」是常用的祝愿語。 2. 說話者措辭謹慎，避免冒犯任何人。
poet,n. 詩人,中級,Shakespeare is one of the most famous poets.,莎士比亞是最著名的詩人之一。
poetry,n. 詩,中級,She enjoys reading poetry in her free time.,她閒暇時喜歡讀詩。
policeman/cop,n. 警察,初級,The policeman helped the lost child.,警察幫助了走失的孩子。
policy,n. 政策，方針,高級,The company has a strict policy on internet usage.,公司對網路使用有嚴格的規定。
port,n. 港口；左舷 v.轉運，搬運(電腦程式等移植),中級,1. The ship arrived safely at the port last night. 2. The developers ported the game from PC to mobile devices.,1. 這艘船昨晚安全抵達港口。 2. 開發人員將遊戲從PC平台移植到了行動裝置。
pose,v. 擺姿勢；提出 n. 姿勢,中級,1. The model posed for the photographer in front of the sunset. 2. The new law poses a challenge to small businesses. 3. She held a graceful pose during the dance performance.,1. 模特兒在夕陽下擺姿勢讓攝影師拍照。 2. 新法對小型企業構成挑戰。 3. 她在舞蹈表演中保持著優雅的姿勢。
possibility,n. 可能性，機會,中級,There is a possibility of rain tomorrow.,明天有可能下雨。
post,n. 崗位，職位；郵局 v. 郵寄；貼出，發布；分發 adv. 後面,中級,1. He was assigned to a new post in the marketing department. 2. She sent the letter by post yesterday. 3. They posted the job advertisement online.,1. 他被調到行銷部的新職位。 2. 她昨天把信寄出去了。 3. 他們把徵才廣告發佈到網路上。
powerful,adj. 強健的；強而有力的；有影響力的,中級,1. The president is one of the most powerful people in the country. 2. She gave a powerful speech that inspired everyone.,1. 總統是這個國家最有權力的人之一。 2. 她發表了一篇鼓舞人心的演講，激勵了所有人。
prayer,n. 祈禱，禱告,初級,She said a prayer for her family’s health and happiness.,她為家人的健康和幸福祈禱。
prefer,v. 較喜歡，偏好，寧願選擇,初級,I prefer tea to coffee in the morning.,早上我更喜歡喝茶而不是咖啡。
press,v. 壓；催促，逼迫 n. 報刊；新聞界,中級,1. Please press the button to start the machine. 2. The manager pressed him to finish the report by Friday. 3. The reporter works for the local press.,1. 請按下按鈕啟動機器。 2. 經理催促他週五前完成報告。 3. 這位記者在當地報社工作。
pride,n. 自豪，得意 v. 以...為榮,中級,1. She takes great pride in her work. 2. He prides himself on being punctual.,1. 她對自己的工作感到非常自豪。 2. 他以自己守時為榮。
prince/princess,n. 王子/公主,初級,The prince lives in a large castle.,王子住在一座大城堡裡。
prison,n. 監獄,中級,He was sent to prison for five years.,他被判入獄五年。
prisoner,n. 囚犯,中級,The prisoner was released after serving ten years.,這名囚犯服刑十年後獲釋。
proper,adj. 適合的；正確的,中級,1. Please wear proper clothes to the interview. 2. It’s important to use proper grammar when writing.,1. 請穿著得體服裝參加面試。 2. 寫作時使用正確的文法非常重要。
propose,v. 提議，建議；求婚,中級,1. He proposed a new plan to improve the company’s sales. 2. He nervously proposed to his girlfriend last night.,1. 他提出了一個提高公司銷售額的新方案。 2. 昨晚他緊張地向女友求婚了。
protective,adj. 保護的,中級,Parents often have a protective attitude toward their children.,父母通常對自己的孩子抱持保護欲。
prove,v. 證明,中級,The scientist proved his theory with multiple experiments.,這位科學家透過多個實驗證明了他的理論。
pudding,n. 布丁,初級,I had chocolate pudding for dessert.,我的甜點是巧克力布丁。
punishment,n. 處罰,中級,The teacher gave him a punishment for being late.,老師因為他遲到而對他進行了懲罰。
pupil,n. 小學生,初級,1. The teacher praised the pupils for their hard work.,老師表揚了學生們的努力學習。
quality,n. 品質 agj. 優質的,中級,1. The quality of this fabric is excellent. 2. They sell quality products at reasonable prices.,1. 這款布料品質非常好。 2. 他們以合理的價格銷售優質產品。
quantity,n. 數量,中級,The factory produces large quantities of shoes every month.,這家工廠每月生產大量鞋子。
railroad/railway,n. 鐵路,中級,The railroad connects the city to the countryside.,鐵路連接城市和鄉村。
range,n. 種類；分布區 v. 排列；變動,中級,1. The price range for these products is quite wide. 2. The mountains form a beautiful range along the coast. 3. The temperature can range from 10 to 30 degrees Celsius.,1. 這些產品的價格範圍很廣。 2. 山脈沿著海岸線綿延，構成了一道美麗的山脈。 3. 氣溫範圍在攝氏10到30度之間。
rapid,adj. 快的,中級,The river’s rapid flow made it dangerous to swim.,河水水流湍急，游泳很危險。
reality,n. 真實性,中級,Sometimes reality is different from what we expect.,有時現實與我們的預期有所不同。
recent,adj. 最近的,初級,The recent news about the project was very encouraging.,最近有關該項目的消息令人鼓舞。
refrigerator/fridge,n. 冰箱,初級,Please store the food in the refrigerator.,請將食物存放在冰箱裡。
regard,n. 注重，關心 v.認為，看待；關心，注重,中級,1. She has a lot of regard for her teachers. 2. Many people regard her as a talented artist. 3. He regards his health as very important.,1. 她非常尊敬她的老師。 2. 許多人認為她是一位才華洋溢的藝術家。 3. 他非常重視自己的健康。
region,n. 地區,中級,This region is known for its beautiful landscapes.,這個地區以其美麗的風景而聞名。
relate,v. 敘述；有關,中級,1. She related the events of the accident to the police. 2. This story relates to the history of the city.,1. 她向警方講述了這起事故經過。 2. 這個故事與這座城市的歷史有關。
relation,n. 關係,中級,The relation between the two countries has improved recently.,兩國關係近期有所改善。
religion,n. 宗教信仰；宗教,中級,1. Freedom of religion is a basic human right. 2. Buddhism is one of the major religions in Asia.,1. 宗教自由是一項基本人權。 2. 佛教是亞洲主要宗教之一。
remove,v. 去除，移除,中級,1. Please remove your shoes before entering the house. 2. The stain was hard to remove from the fabric.,1. 請進屋前脫鞋。 2. 布料上的污漬很難去除。
reply,n./v. 答覆，回覆,初級,1. His reply to the question was very clear. 2. She didn’t reply to my message.,1. 他對這個問題的回答非常清楚。 2. 她沒有回覆我的訊息。
require,v. 需求；要求,中級,1. This job requires a lot of patience and attention to detail. 2. The school requires students to wear uniforms.,1. 這份工作需要極大的耐心和細緻的觀察力。 2. 學校要求學生穿著制服。
requirement,n. 需求；必要條件；規定,中級,1. Good communication skills are a requirement for this position. 2. The project meets all the safety requirements.,1. 良好的溝通能力是該職位必備條件。 2. 該項目符合所有安全要求。
respond,v. 回答，回應；做出反應,中級,1. She didn’t respond to my email until two days later. 2. The company quickly responded to customer complaints.,1. 她過了兩天後才回覆我的郵件。 2. 本公司對客戶投訴反應迅速。
riches,n. 財富，財產；豐富的資源,高級,1. He left his homeland in search of fame and riches. 2. The country is known for the natural riches of its forests and rivers.,1. 他離開家鄉去追尋名利。 2. 這個國家以其森林和河流的自然資源而聞名。
rocky,adj. 多岩石的；不穩定的，搖晃的,初級,1. We hiked along a rocky path by the sea. 2. Their relationship had a rocky start but improved over time.,1. 我們沿著海邊一條崎嶇的小路徒步旅行。 2. 他們的關係開始得併不順利，但隨著時間的推移有所改善。
rooster,n. 公雞,初級,The rooster crowed at sunrise.,日出時分，公雞啼鳴。
royal,adj. 王室的；皇家的 n. 王室成員,中級,1. The royal family attended the ceremony. 2. She received a royal welcome when she arrived.,1. 王室成員出席了儀式。 2. 她抵達時受到了王室的熱烈歡迎。
rubber,n. 橡膠；橡皮擦(英式用法) adj. 橡膠製的,初級,"1. The tires are made of strong rubber. 2. In the UK, “rubber” means an eraser used for pencils. 3. She wore rubber boots to walk in the rain.",1. 這些輪胎是用結實的橡膠製成的。 2. 在英國，「rubber」指的是鉛筆橡皮擦。 3. 她穿著橡膠靴在雨中行走。
runner,n. 跑者,初級,He is a professional runner who competes internationally.,他是一名參加國際比賽的職業跑步運動員。
salesperson/salesman,n. 銷售人員,初級,The salesperson helped me choose the right laptop.,銷售人員幫我挑選了合適的筆記型電腦。
saleswoman,n. 女店員,初級,The saleswoman helped me choose the right laptop.,銷售員幫我挑選了合適的筆記型電腦。
salty,adj. 有鹽分的；鹹的,初級,1. The ocean air tastes salty. 2. The soup is too salty; it needs more water.,1. 海風嘗起來有鹹味。 2. 這湯太鹹了，需要加點水。
saw,v. 鋸；鋸開 n. 鋸子,初級,He used a saw to cut the wooden board.,他用鋸子鋸開了木板。
scare,v. 使害怕；恐嚇 n. 驚恐，恐慌；驚嚇,初級,1. The loud noise scared the children. 2. There was a scare about a possible power outage last night.,1. 巨大的噪音嚇到了孩子。 2. 昨晚曾出現可能停電的恐慌。
schedule,n. 時間表；課程表 v. 安排；列入計畫,中級,1. My schedule is very busy this week. 2. We scheduled the meeting for next Monday.,1. 我這週日程很滿。 2. 我們把會議安排在下週一。
seek,v. 追求；尋覓，尋找；尋求,中級,1. Many people seek happiness in their lives. 2. She is seeking advice from her mentor.,1. 許多人都在生活中追求幸福。 2. 她正在向她的導師尋求建議。
selection,n. 選擇,中級,The store offers a wide selection of books.,這家書店提供種類繁多的書籍。
self,n. 自己 adj. 自己的，自我的,初級,1. It’s important to take care of yourself. 2. She has a strong sense of self.,1. 照顧好自己很重要。 2. 她很有自尊心。
sensitive,adj. 敏感的；易受影響的；體貼的,中級,1. He is very sensitive to criticism. 2. This skin cream is for people with sensitive skin. 3. She is sensitive to other people's feelings.,1. 他很在意別人的批評。 2. 這款護膚霜適合敏感肌膚人群使用。 3. 她很在意別人的感受。
separate,adj. 分開的；個別的，獨立的 v. 區分；使分離,中級,1. They have separate bedrooms in the house. 2. Please separate the recyclable materials from the trash.,1. 他們在房子裡有各自獨立的臥室。 2. 請將可回收物與垃圾分開。
settle,v. 安頓；決定，解決,中級,"1. After traveling for years, she decided to settle in a small town. 2. They settled their differences through negotiation.",1. 在多年旅行後，她決定在一個小鎮定居。 2. 他們透過談判解決了分歧。
settlement,n. 解決，和解；殖民地，定居點；結帳,高級,1. The two parties reached a settlement out of court. 2. The early settlers established a settlement by the river.,1. 雙方達成庭外和解。 2. 早期定居者在河邊建立了一個定居點。
sex,n. 性別；性,初級,1. Please indicate your sex on the form male or female. 2. Sex education is important for teenagers.,1. 請在表格中註明您的性別：男或女。 2. 性教育對青少年很重要。
shame,n. 羞恥；恥辱；可惜 v. 使感到羞恥,中級,1. He felt deep shame after lying to his friends. 2. It’s a shame that we couldn’t attend the concert. 3. She tried to shame him into apologizing.,1. 他向朋友說謊後感到非常羞恥。 2. 我們沒能去聽音樂會真是太遺憾了。 3. 她試圖讓他感到羞愧，從而讓他道歉。
shell,n. 殼，外殼；砲彈 v. 剝殼；砲擊,初級,1. The crab has a hard shell for protection. 2. Soldiers found an unexploded shell on the battlefield. 3. She shelled the peanuts before eating them.,1. 螃蟹有堅硬的外殼來保護自己。 2. 士兵在戰場上發現了一枚未爆炸的砲彈。 3. 她吃花生之前先剝了殼。
shock,n./v. 衝擊；震驚,中級,1. The earthquake caused a strong shock that damaged many buildings. 2. The news of his sudden death came as a shock to everyone. 3. The bad news shocked her deeply.,1. 地震引發的強烈震動損壞了許多建築物。 2. 他突然去世的消息令所有人震驚。 3. 這個噩耗讓她深受打擊。
shot,n. 射擊；開槍；投籃,初級,1. She shot the arrow straight into the target. 2. The hunter fired a single shot. 3. He made a three-point shot at the last second.,1. 她一箭正中靶心。 2. 獵人開了一槍。 3. 他在最後一刻投進了三分球。
simply,adv. 簡單地；完全；僅僅，只不過,初級,1. You can solve the problem simply by following the instructions. 2. I simply don’t understand what you mean.,1. 你只需按照說明操作即可解決這個問題。 2. 我完全不明白你的意思。
skilled,adj. 熟練的；有技能的,中級,1. She is a skilled carpenter who can make beautiful furniture. 2. The job requires skilled workers with experience.,1. 她是一位技藝精湛的木匠，能製作漂亮的家具。 2. 這份工作需要有經驗的熟練工人。
slip,n./v. 滑倒；滑行,初級,1. Be careful not to slip on the wet floor.,1. 注意不要在濕滑的地板上滑倒。
slipper(s),n. 拖鞋,初級,She put on her slippers after coming home from work.,她下班回家後穿上了拖鞋。
smooth,adj. 光滑的，平滑的；順利的 v. 使光滑；使平整,初級,1. The table has a smooth surface. 2. The meeting went smoothly without any problems. 3. She smoothed the wrinkles out of the paper.,1. 桌子表面光滑。 2. 會議進行得很順利，沒有任何問題。 3. 她把紙上的褶皺撫平了。
sock(s),n. 短襪,初級,He bought new socks for the winter.,他買了過冬的新襪子。
soft,adj. 柔軟的,初級,This pillow is very soft and comfortable.,這款枕頭非常柔軟舒適。
soil,n. 土壤 v. 弄髒；玷汙,中級,"1. Plants grow best in rich, moist soil. 2. Be careful not to soil your clothes while painting.",1. 植物在肥沃、濕潤的土壤中生長最佳。 2. 粉刷時小心不要弄髒衣服。
solution,n. 解答；解決方法；溶液,中級,1. She finally found the correct solution to the math question. 2. We need a solution to this problem as soon as possible. 3. Saltwater is a solution of salt in water.,1. 她終於找到這道數學題的正確答案了。 2. 我們需要盡快解決這個問題。 3. 鹽水是鹽溶於水的溶液。
somewhat,adv. 有點，稍微，多少有些,中級,I was somewhat surprised by his reaction.,他的反應讓我有些意外。
sort,n. 種類 v. 分類,初級,1. There are all sorts of people at the party. 2. I need to sort these papers before the meeting.,1. 聚會中形形色色的人都有。 2. 開會前我需要整理一下這些文件。
source,n. 來源,中級,The source of the river is high in the mountains.,這條河的源頭在高山上。
southern,adj. 南方的,初級,He lives in the southern part of the country.,他居住在該國南部。
soybean,n. 大豆,初級,Soybeans are an important source of protein.,大豆是重要的蛋白質來源。
spelling,n. 拼字；拼寫,初級,Her spelling is excellent.,她的拼字非常好。
sport,n. 運動 v. 炫耀；遊戲,初級,Soccer is a popular sport around the world.,足球是世界各地都很受歡迎的運動。
stage,n. 階段；舞台 v. 上演；策劃,中級,1. The project is in its final stage. 2. He performed on stage for the first time. 3. The theater group staged a new play last week. 4. The protest was staged by students.,1. 該項目已進入最後階段。 2. 他首次登台演出。 3. 劇團上週上演了一部新劇。 4. 這次抗議活動是由學生組織的。
standard,adj. 標準的 n. 標準,中級,"1. He drives a standard car, not a luxury one. 2. The company maintains high standards of quality.",1. 他開的是普通轎車，不是豪華車。 2. 公司堅持高標準的品質要求。
statement,n. 陳述，聲明；對帳單,中級,1. The politician made a public statement about the issue. 2. I checked my bank statement online yesterday.,1. 這位政治人物就此事發表了公開聲明。 2. 我昨天在網路上查看了我的銀行帳單。
steel,n. 鋼鐵 v. 鋼化；使堅強，鼓起勇氣,中級,1. The bridge is made of strong steel. 2. She steeled herself before giving the speech.,1. 這座橋是用堅固的鋼材建造的。 2. 她在演講前鼓起勇氣，讓自己鎮定下來。
stick,v. 刺；黏住 n. 棒；枝條,初級,1. The thorn stuck in his finger. 2. She stuck the note on the fridge with a magnet. 3. He found a long stick to use as a walking aid.,1. 刺插進了他的手指。 2. 她用磁鐵把紙條貼在冰箱上了。 3. 他找到了一根長棍子當助行器。
stress,n. 壓力 v. 強調,中級,1. Work-related stress can affect your health. 2. He stressed the need for honesty in his speech.,1. 工作壓力會影響你的健康。 2. 他在演講中強調了誠實的重要性。
stretch,n. 伸展；延續 v. 伸縮,中級,1. The road stretches for miles through the countryside. 2. She likes to stretch her muscles before exercising.,1. 這條路綿延數英里，穿過鄉村。 2. 她喜歡在運動前伸展肌肉。
strict,adj. 嚴格的,中級,The teacher is very strict about homework deadlines.,老師對作業截止日期要求非常嚴格。
struggle,n./v. 奮鬥；掙扎,中級,1. She struggled to finish her homework on time. 2. The fish struggled to get free from the net. 3. Life is a constant struggle for many people.,1. 她努力按時完成作業。 2. 魚兒掙扎著想從漁網裡掙脫出來。 3. 對許多人來說，生活是一場持續不斷的鬥爭。
subway(美式)/underground(英式),n. 地鐵,初級,1. I take the subway to work every day. 2. The underground system in London is very extensive.,1. 我每天都搭地鐵上班。 2. 倫敦的地鐵系統非常發達。
suitable,adj. 合適的,中級,This dress is suitable for formal occasions.,這條裙子適合正式場合。
supply,n./v. 供給 n. 供應品；用品,中級,"1. The city has a limited supply of clean water. 2. The company supplies food to local supermarkets. 3.If you're ordering office supplies, please put me down for a box of paper clips and a box of letterhead.",1. 這座城市的清潔水資源有限。 2. 這家公司向當地超市供應食物。 3. 如果您要訂購辦公用品，請幫我預留一盒迴紋針和一盒信紙。
suppose,v. 猜想；假設；以為，認為,中級,1. I suppose it will rain tomorrow. 2. Let's suppose that you win the lottery. 3. He supposed that she was already home.,1. 我想明天會下雨。 2. 假設你中了樂透。 3. 他以為她已經到家了。
surface,n. 表面 v. 顯露；表面處裡；呈現 adj. 表面的,中級,1. The water's surface was calm and clear. 2. Problems began to surface during the meeting. 3. The surface layer of the road needs repairing.,1. 水面平靜清澈。 2. 會議期間開始出現問題。 3. 道路表層需要維修。
survival,n. 生存；倖存；殘存,高級,1. His quick thinking ensured their survival in the wilderness. 2. The doctors fought for the patient’s survival.,1. 他的機智讓他們在荒野中倖存下來。 2. 醫生們盡力挽救病人的生命。
swim,v./n. 游泳,初級,1. I swim in the pool every morning. 2. Let’s go for a swim after lunch.,1. 我每天早上都在游泳池游泳。 2. 午餐後我們去游泳吧。
switch,n. 開關；調節，交換 v. 轉換，交換；開關,中級,1. Press the switch to turn on the light. 2. She switched from tea to coffee in the mornings. 3. Please switch seats with me.,1. 按下開關打開燈。 2. 她早上從喝茶改喝咖啡了。 3. 請和我換座位。
tale,n. 故事,初級,He told us a tale about his adventures at sea.,他給我們講了他海上冒險的故事。
target,n. 目標；靶心 v. 把...作為目標,中級,"1. Our sales target for this month is $50,000. 2. The archer hit the target. 3. The campaign targets young voters.",1. 我們本月的銷售目標是5萬美元。 2. 射箭運動員射中了靶心。 3. 這項競選活動的目標族群是年輕選民。
task,n. 任務 v. 派...任務,中級,My main task today is to finish the report.,我今天的主要任務是完成這份報告。
tax,n. 稅；稅金 v. 向...課稅,中級,1. You must pay income tax every year. 2. The government taxes imported goods.,1. 你每年都必須繳所得稅。 2. 政府對進口商品課稅。
technology,n. 科技；工業技術,中級,1. Modern technology has changed the way we communicate. 2. The company is developing new technology for renewable energy.,1. 現代科技改變了我們的溝通方式。 2. 該公司正在開發再生能源新技術。
teens,n. 青少年,初級,He learned to play the guitar in his teens.,他十幾歲時學會了彈吉他。
terrorism,n. 恐怖主義；恐怖行動,高級,The government is taking strong measures to fight terrorism.,政府正在採取強有力的措施打擊恐怖主義。
terrorist,adj. 恐怖分子,高級,The terrorist was captured by the authorities.,恐怖分子已被當局逮捕。
text,n. 文字；本文 v. 發簡訊,初級,1. I read the text of the speech online. 2. I will text you the details later.,1. 我在網路上閱讀了演講稿。 2. 我稍後會把詳細資料傳簡訊給你。
throughout,prep. 遍布；從頭到尾 adv. 處處；始終,中級,1. The festival was celebrated throughout the city. 2. She worked hard throughout the year.,1. 全城都慶祝了這個節日。 2. 她一年到頭都在努力工作。
thus,adv. 因此，這樣,高級,"The evidence was incomplete, thus the case was dismissed.",由於證據不足，該案被駁回。
tire,v. 疲勞 n. 輪胎,初級,1. Walking long distances can tire you out quickly. 2. My car needs a new tire.,1. 長時間步行會讓人很快感到疲憊。 2. 我的車需要換個新輪胎。
tissue,n. 紙巾，衛生紙；薄織物；薄紙；(身體的)組織,初級,1. Could you pass me a tissue? I need to blow my nose. 2. The doctor took a sample of tissue for testing.,1. 能遞給我一張紙巾嗎？我要擤鼻涕。 2. 醫生取了組織樣本進行化驗。
tone,n. 音調，音色；語氣,中級,Her tone of voice suggested she was upset,她的語氣表明她很沮喪。
tour,n./v. 旅遊；巡迴；參觀；巡演,初級,1. We went on a tour of Italy last summer. 2.The band is going on a world tour next year. 3.They toured Europe by train.,1. 我們去年夏天去義大利旅遊了。 2. 這支樂團明年將進行世界巡迴演出。 3. 他們搭火車遊覽了歐洲。
toward/towards,prep. 朝向；接近；對於,初級,1. She walked toward the door. 2. We are moving towards a cleaner energy future. 3. He has a positive attitude toward his work.,1. 她走向門口。 2. 我們正邁向更清潔的能源未來。 3. 他對工作態度積極。
track,n. 足跡 v. 追蹤,中級,Police are trying to track the suspect.,警方正在追捕嫌疑犯。
trial,n. 試用，試驗；審判，審理；考試，艱難的事,高級,1. You can use the software for a 7-day free trial. 2. The murder case will go to trial next month. 3. Climbing the mountain in winter was a real trial.,1. 您可以免費試用該軟體7天。 2. 這起謀殺案將於下個月開庭審理。 3. 冬季登山真是嚴峻的考驗。
typical,adj. 典型的；一貫的；特有的,中級,1. This painting is typical of his early work. 2. It’s typical of her to be late. 3. The hot and humid weather is typical in summer here.,1. 這幅畫是他早期作品的典型代表。 2. 她常常遲到。 3. 這裡夏季炎熱潮濕的天氣很典型。
unit,n. 單位；單元，組件；(軍事)部隊；(家用)套房，住宅單位,中級,"1. The length is measured in meters, a common unit of measurement. 2. This textbook is divided into ten units. 3. The military unit was deployed overseas. 4. She just bought a new apartment unit downtown.",1. 長度以公尺為單位測量，公尺是常用的長度單位。 2. 這本教科書分為十個單元。 3. 這支部隊被部署到海外。 4. 她剛在市中心買了一間新公寓。
unless,conj. 除非,初級,You won’t pass the exam unless you study hard.,你不努力學習就考不過。
upset,adj. 翻倒的；心煩的，苦惱的 v. 弄翻；使心煩意亂 n. 意外的失敗或挫折；翻倒；混亂,初級,1. She was very upset about the bad news. 2. He was upset by the argument with his friend. 3. The unexpected result upset everyone. 4. The team suffered an upset in the championship game.,1. 她對這個壞消息非常難過。 2. 他因為和朋友的爭吵而感到沮喪。 3. 這個意想不到的結果讓每個人都感到沮喪。 4. 這支球隊在冠軍賽中遭遇了爆冷。
used,adj. 二手的，舊的,初級,I bought a used car last week.,我上週買了一輛二手車。
user,n. 使用者,初級,The user logged into the system.,用戶已登入系統。
view,n. 視野，景色；看法 v. 查看，觀看；認為,初級,"1. The hotel room has a beautiful view of the ocean. 2. In my view, we should wait a little longer. 3. We viewed the movie last night. 4. The committee views this proposal positively.",1. 這間飯店房間可以欣賞到美麗的海景。 2. 我認為我們應該再等一段時間。 3. 我們昨晚看了這部電影。 4. 委員會對這項提案持正面態度。
waiter/waitress,n. 服務員/女服務員,初級,The waiter brought us the menu quickly.,服務生很快就把菜單拿來了。
wealth,n. 財富，富有；大量,中級,1. He inherited a great wealth from his family. 2. The country’s natural wealth includes forests and minerals.,1. 他繼承了家族的一大筆財富。 2. 該國的自然財富包括森林和礦產資源。
weigh,v. 秤...的重量；權衡,初級,1. Please weigh the luggage before going to the airport. 2. You should weigh the pros and cons before making a decision.,1. 請在去機場前秤行李重量。 2. 做決定前應該要權衡利弊。
western,adj. 西方的 n. 西部地區的人,初級,They moved to a western state in the USA.,他們搬到了美國西部的一個州。
whatever,adj. 無論什麼，任何事物 pron. 任何...的事物；不管什麼,初級,"1. Take whatever you want from the fridge. 2. Whatever happens, stay calm.",1. 從冰箱裡拿你想要的任何東西。 2. 無論發生什麼，都要保持冷靜。
whenever,conj. 無論何時；每當 adv. 無論何時；每當,初級,"1. You can call me whenever you need help. 2. Whenever I see her, she’s always smiling.",1. 你需要幫忙的時候隨時可以打電話給我。 2. 每次見到她，她總是面帶微笑。
wherever,conj. 無論在哪裡 adv. 無論在哪裡,初級,"1. You can sit wherever you like. 2. Wherever he goes, he makes friends easily.",1. 你可以隨便坐。 2. 他無論走到哪裡，都能輕易交到朋友。
whisper,n. 耳語，私語 v. 低聲說出，耳語,初級,1. I heard a whisper behind the door. 2. She whispered a secret to her friend.,1. 我聽到門後傳來低語聲。 2. 她悄悄地把一個秘密告訴了她的朋友。
whoever,pron. 無論是誰,中級,Whoever arrives first will get the prize.,第一個到達的人將獲得獎品。
width,n. 寬度,中級,The width of the table is two meters.,桌子的寬度是兩公尺。
willing,adj. 願意的，樂意的,中級,She is willing to help with the project.,她願意協助這個計畫。
wine,n. 葡萄酒，紅酒,初級,They drank red wine with dinner.,他們晚餐時喝了紅酒。
wire,n. 電線 v. 用電線連接,初級,1. The electrician fixed the broken wire. 2. They wired the new house for internet.,1. 電工修好了斷掉的電線。 2. 他們為新房子安裝了網路線路。
within,prep. 在...範圍內 adv. 在裡面,中級,1. Please complete the task within two days. 2. There is no smoking allowed within the building.,1. 請在兩天內完成任務。 2. 大樓內禁止吸煙。
wonder,v. 想知道 n. 奇蹟,初級,1. I wonder if it will rain tomorrow. 2. It’s a wonder that everyone survived the accident.,1. 我想知道明天會不會下雨。 2. 所有人都從這場意外中倖存下來，真是個奇蹟。
wood(s),n. 木頭；樹林,初級,1. The table is made of wood. 2. We went hiking in the woods last weekend.,1. 這張桌子是木製的。 2. 我們上週末去樹林裡健行了。
wooden,adj. 木製的,初級,They bought a wooden chair for the dining room.,他們買了一張木椅放在餐廳裡。
wool,n. 羊毛,初級,She wore a warm sweater made of wool.,她穿著一件溫暖的羊毛衫。
worse,adj. 更壞的 adv. 更壞 n. 更糟的事,初級,1. His health is getting worse. 2. Things are going from bad to worse.,1. 他的身體狀況越來越差。 2. 情況每況愈下。
worst,adj. 最壞的，最糟的 adv. 最壞地，最糟地 n. 最壞的部分,初級,1. This is the worst day of my life. 2. He performed the worst in the competition. 3. Prepare for the worst.,1. 這是我人生中最糟糕的一天。 2. 他在比賽中表現最差。 3. 做好最壞的打算。
worth,adj. 有...價值的 n. 有價值,中級,1. This book is worth reading. 2. The painting is of great worth.,1. 這本書值得一讀。 2. 這幅畫很有價值。
yam,n. 山藥,初級,Yam is a popular food in many countries.,山藥在許多國家都是一種很受歡迎的食物。
aboard,prep. /adv. 上(船、飛機、車)；在(船、飛機、車)上,中級,1. There were 300 people aboard the ship. 2. All passengers must be aboard before the train departs.,1. 船上有300人。 2. 所有乘客必須在火車出發前上車。
acceptable,adj. 可以接受的,中級,Your behavior is not acceptable in this classroom.,你的行為在課堂上是不可接受的。
accurate,adj. 準確的,高級,The scientist gave an accurate description of the experiment.,這位科學家對實驗進行了準確的描述。
ache,n./v. 疼痛,初級,1. I had a dull ache in my back after sitting too long. 2. My muscles ache after the long run.,1. 久坐後，我的背部隱隱作痛。 2. 長跑後，我的肌肉酸痛。
achieve,v. 完成；達到,中級,She worked hard to achieve her goals.,她努力奮鬥實現了自己的目標。
achievement,n. 完成；達到；成就,中級,Winning the award was his greatest achievement.,獲得該獎項是他最大的成就。
additional,adj. 附加的，額外的,中級,We need additional time to finish the project.,我們需要更多時間來完成這個專案。
advanced,adj. 先進的；高等的；進階的,中級,1. This phone has many advanced features. 2. She is taking an advanced English course.,1. 這款手機有許多高級功能。 2. 她正在上高級英語課程。
advantage,n. 有利條件；優勢,中級,Knowing two languages is a big advantage in finding a job.,掌握兩種語言對找工作來說是一大優勢。
adventure,n. 冒險,中級,Going backpacking in the mountains was the biggest adventure of my life.,去山區背包健行是我一生中最棒的冒險。
advertise,v. 為...做廣告,中級,The company plans to advertise its new product on TV.,該公司計劃在電視上投放新產品廣告。
advertisement/ad,n. 廣告,中級,I saw an advertisement for a new smartphone in the magazine.,我在雜誌上看到了一則新款智慧型手機的廣告。
adviser/advisor,n. 顧問；導師,高級,She works as a financial adviser for a large bank.,她在一家大型銀行擔任財務顧問。
afford,v. 承擔得起；買得起；提供,中級,1. I can’t afford to buy a new car right now. 2. This job will afford you many opportunities to travel.,1. 我現在買不起新車。 2. 這份工作會給你很多旅行的機會。
afterward/afterwards,adv. 之後，後來,初級,We went to a movie and afterward/afterwards we had dinner.,我們去看了電影，之後/之後我們吃了晚餐。
agriculture,n. 農業,高級,Modern agriculture uses advanced machinery to increase crop production.,現代農業利用先進的機械設備來提高作物產量。
airline,n. 航線；航空公司,中級,I booked a ticket with a major airline for my trip to Paris.,我透過一家大型航空公司預訂了去巴黎的機票。
alley,n. 小巷子；小徑,初級,The cat ran quickly down the alley.,貓迅速跑下了巷子。
admission,n. 獲准；許可准許進入,高級,Candidates must pass the entrance exam before being given admission to an interview.,考生必須通過入學考試才能獲得面試機會。
be subject to,受...約束；遭受...,高級,"Regardless of their position or status, employees will be subject to annual evalutions.",無論職位或身分如何，員工都將接受年度考核。
committed,adj. 盡心盡責的,高級,We are seeking committed professionals in the fields of medicine and health administration.,我們正在尋找醫學和衛生管理領域的敬業專業人士。
fire,v. 開除,中級,Employees who commit serious breaches of company policy may be fired with two-week's notice.,嚴重違反公司規定的員工可能會被提前兩週通知解僱。
position,n. 職位,中級,Please inform candidates that applying for multiple positions is against company policy.,請告知應徵者，申請多個職位違反公司規定。
accordingly,adv. 相應地；照著；因此,高級,"Given the limited timeframe, selection procedures should be shortened accordingly.",鑑於時間有限，甄選程序應相應縮短。
hire,v. 雇用、聘請,中級,This month we will need to hire four people to fill vacancies in the human resources department.,本月我們需要招募四名員工來填補人力資源部門的空缺。
match,v. 相配；符合,中級,Hiring managers should match a candidate's experience to the most appropriate department in the company.,招募經理應將候選人的經驗與公司中最合適的部門進行配對。
responsibility,n. 責任；職責,中級,It is the HR director's responsibility to maintain our workforce's effectiveness.,人力資源總監的職責是維持我們員工團隊的效率。
assessment,n. 評估,高級,Assessment of potential hires should be done according to our ranking system.,對潛在候選人的評估應按照我們的排名系統進行。
recruit,v. 招收新成員,高級,The president specifically stated we were not to recruit overseas workers for this position.,總統明確表示，我們不得為該職位招募海外勞工。
applicant,n. 申請人；求職者,高級,Job applicants should always try to make the best first impression.,求職者應該始終努力給人留下最好的第一印象。
consider,v. 考慮；認為,中級,People considering a career change should first decide whether the new position will help them achieve their career goals.,考慮換工作的人首先應該決定新職位是否能幫助他們實現職業目標。
arrange,v. 安排；布置,中級,Candidates who are unable to take the written exam on the scheduled day may arrange a make-up test.,無法在規定日期參加筆試的考生可以安排補考。
background,n. 背景；經歷,中級,Questions regarding candidate's backgrounds should be limited to education and employment history.,關於候選人背景的問題應僅限於教育和工作經驗。
candidate,n. 候選人；應試者；應徵者,高級,"There are 12 candidates, but only five positions are available.",共有 12 位候選人，但只有 5 個職缺。
experience,n. 經驗；經歷,中級,How much experience do you have with maintaining large databases?,您在維護大型資料庫方面有多少經驗？
interview,n. 面談；面試,中級,There will be no group interviews. We will meet each candidates on a one-to-one basis.,不會有團體面試。我們會與每位候選人進行一對一面試。
prior to,在...之前,高級,Did the candidates research the company's current activities prior to the interview?,應徵者在面試前是否曾對公司目前的業務活動進行調查？
reference,n. 推薦信,高級,Three references are required to apply to this position.,申請此職位需要提供三封推薦信。
resume,n. 履歷,高級,We were very impressed with your resume especially your work history.,您的履歷，尤其是您的工作經歷，給我們留下了非常深刻的印象。
accomplishment,n. 成就；實現,高級,I consider the release of my home accounting software to be one of my greatest accomplishment.,我認為發布我的家用會計軟體是我最偉大的成就之一。
capability,n. 能力；性能,高級,"In my previous job, I had many opportunities to prove my capability in multitasking.",在之前的工作中，我有很多機會證明自己能夠同時處理多項任務。
potential,n. 潛力,高級,I believe my full potential has yet to have been realized.,我相信我的全部潛力尚未發揮出來。
proficiency,n. 語言能力；精通、熟練,高級,"I have documented proficiency in English, Japanese and Chinese.",我擁有英語、日語和中文的熟練程度，並有相關證明文件。
profile,n. 人物簡介,高級,I hope my profile clearly shows my dedication to the preservation and improvement of community.,我希望我的個人簡介能清楚地展現我對社區保護和改善的奉獻精神。
degree,n. 等級；度數,中級,His resume exhibits a high degree of mastery of social media marketing.,他的履歷顯示他精通社群媒體行銷。
ethic,n. 道德；倫理,高級,"He claims to have a strong work ethic, but he's had four jobs in the past two years.",他自稱工作態度認真負責，但過去兩年他換了四份工作。
recommendation,n. 推薦；推薦信；勸告；優點,高級,"If you have any recommendations regarding what personal qualities we should look for, please let me know.",如果您對我們應該尋找哪些個人素質有任何建議，請告訴我。
weakness,n. 弱點；缺點,中級,Not looking for a better position is considered a weakness by many hiring manaders.,許多招募經理認為，不積極尋求更好的職位是一種弱點。
elsewhere,adv. 別處、其他地方,中級,"I will seek employment elsewhere, because I'm not happy with how the company is treating me.",我會另謀高就，因為我對公司對待我的方式很不滿意。
benefit,n. 利益；好處,中級,"Free gym membership, yearly professional development courses, and on-site daycare are some of the benefit the company offers.",本公司提供的福利包括免費健身房會員資格、年度專業發展課程和公司內部托兒服務。
complimentary,adj. 贈送的；免費的；讚美的,高級,"I don't like early meetings, but I definitely do enjoy the complimentary breakfast we get!",我不喜歡早會，但我很喜歡我們提供的免費早餐！
generous,adj. 慷慨的；大量的,中級,"The company dosen't offer much leave, but it is certainly generous with the salaries it offers.",這家公司雖然假期不多，但薪資待遇確實很優。
leave,n. 離開；休假,初級,I would gladly work for a lower salary if I could have more paid leave.,如果能獲得更多有薪假期，我願意接受較低的薪水。
practical,adj. 實際的；實用的,中級,"The training is very nice in theory, but it has no practical application to my work.",培訓理論上很好，但對我的工作沒有任何實際應用價值。
satisfy,v. 滿足,中級,"The benefit here really don't satisfy my need--there is no dental care, no day care, and not much leave offered.",這裡的福利實在無法滿足我的需求——沒有牙科保健，沒有日托，而且假期也不多。
diligent,adj. 勤勉的；勤奮的,高級,"She's got good ideas, but she's not particularly diligent when it comes to team work.",她有很多好點子，但在團隊合作方面卻不太勤奮。
dividend,n. 紅利；股息,高級,Our company is paying dividends in the form of a year-end bonus.,我們公司將以年終獎金的形式發放股利。
eligible,adj. 符合資格的；有資格的；合適的,高級,"He's not eligible for the position, since he doesn't have college degree.",他沒有資格擔任這個職位，因為他沒有大學學位。
entitle,v. 授權(或資格),高級,"According to our company's policy, after a year, I'll be entitled to three weeks of vacation.",根據公司規定，工作滿一年後，我將享有三週的假期。
grant,n. 獎學金；補助金,高級,I am really hoping to get a grant from that research company.,我非常希望能夠從那家研究公司獲得資助。
optional,adj. 隨意的；非必需的,高級,"I konw bonuses are technically optional, but I think the managers know that we expect them each year.",我知道獎金在技術上是可選的，但我認為管理層知道我們每年都期待拿到獎金。
productive,adj. 多產的,高級,"After his performance review, he got a raise for being so productive.",績效考核後，他因工作效率高而獲得了加薪。
representative,n. 代表,高級,I'm going to speak to our human resources representative about getting some extra time off this year.,我打算和人資部的代表談談，看看今年能不能多休幾天假。
respectively,v. 分別地；各自地,高級,"Based on our seniority, we get three and four weeks paid leave, respectively.",根據工齡，我們分別享有三週和四周的帶薪假期。
tempt,v. 引誘；吸引；打動,高級,"I am very tempted to take their offer, because the benefits are so much better than my current position.",我非常想接受他們的邀請，因為福利待遇比我現在的工作好得多。
acknowledge,v. 承認,高級,He took the credit for the project's success and didn't acknowledge her contribution at all.,他把專案成功的功勞都攬在了自己身上，完全沒有承認她的貢獻。
contribute,v. 貢獻,高級,I can't take all the credit for the plan. Everyone on the team contributed to it.,我不能獨攬這項計劃的功勞。團隊裡的每個人都為此做出了貢獻。
dedication,n. 奉獻；獻身,高級,They're hoping to inspire dedication by offering stock in the company rather than cash bonuses.,他們希望透過提供公司股票而不是現金獎金來激發員工的忠誠度。
motivate,v. 刺激；激發,高級,The bigger bonuses are meant to motivate the emplyees to work harder.,更高的獎金旨在激勵員工更加努力。
winner,n. 贏家；優勝者,初級,"After working on it night and day for a week, it looks like our proposal is going to be the winner!",經過一週日夜努力，我們的方案似乎要勝出了！
improve,v. 增進；改善,中級,She's volunteering for every work group because she's really eager to improve her chances for a promotion.,她積極主動地加入每個工作小組，因為她非常渴望提高自己的晉升機會。
look forward to,期待,中級,"I like my work, but I'm really looking forward to my vacation next week.",我喜歡我的工作，但我真的很期待下週的假期。
loyal,adj. 忠誠的；忠心的,中級,I hope my loyal service to the company will be rewarded when they give out bonuses this year.,我希望公司今年發放獎金時，我忠誠的服務能得到回報。
merit,n. 績效；價值；優點,高級,I'm tired of being passed over for promotions. I'm going to move to a company that values merit over seniority.,我厭倦了總是與晉升失之交臂。我要跳槽到一家更重視能力而非資歷的公司。
devote,v. 奉獻,高級,"In his new position, most of his time will be devoted to client relations.",在新職位上，他大部分時間將用於客戶關係。
lead,v. 領導,中級,"I'm surprised that he was promoted, because I don't think he leads his work group very well.",我很驚訝他竟然得到了晉升，因為我認為他領導工作團隊的能力並不強。
lifetime,n. 終身,中級,"She rose from cashier to chief financial officer over her lifetime, which is a very impressive achievement.",她一生中從收銀員一路晉升為財務官，這是一項非常了不起的成就。
adjustment,n. 調整,高級,"With the cost of living rising so quickly, I believe we deserve a salary adjustment.",鑑於生活成本上漲如此之快，我認為我們應該獲得薪資調整。
flexible,adj. 有彈性的,高級,"My hours in the office are flexible, but I have to be on call from 9 a.m. to 5 p.m.",我在辦公室的工作時間比較靈活，但我必須從早上9點到下午5點隨時待命。
limit,n. 限制；界限,中級,They're talking about creating a salary cap and setting separate limits for each level in the hierarchy.,他們正在討論設立薪資上限，並為層級中的每個層級設定不同的薪資限額。
pension,n. 退休金；養老金,高級,I'm very glad the company will start matching our pension contributions next year.,我很高興公司明年將開始匹配我們的退休金繳款。
raise,n. 加薪,中級,"If I don't get a raise soon, I'm going to look for another job.",如果我無法盡快獲得加薪，我就要另找工作了。
rise,v. 上升；增加,中級,"If the cost of living continues to rise, the company is going to have to increase people's salaries.",如果生活成本持續上漲，公司就得提高員工的薪資。
salary,n. 薪水,中級,"The salary in my new position is terrible, but the work is so interesting that I don't mind.",新工作的薪水很低，但是工作內容很有趣，所以我並不介意。
tenure,n. (教授等地)終身職位,高級,"Once he's gotten tenure in the position, his salary won't change.",一旦他獲得終身教職，他的薪水就不會改變了。
value,n. 價值,中級,I don't think my salary reflects the value I bring to the company.,我認為我的薪水並不能反映我為公司創造的價值。
wage,n. 薪水,中級,I work such long hours that I'm glad I get an hourly wage rather than a set salary.,我工作時間很長，所以我很高興自己是按小時計薪而不是拿固定工資。
introduce,v. 介紹,中級,The principal function of orientation is to introduce the company's culture and its methods of operation.,入職培訓的主要功能是介紹公司的文化和運作方式。
regulation,n. 規章；條例；調節,高級,Rules concerning the regulation of intellectual property rights will be introduced during orientation.,新生入學指導期間將介紹知識產權管理相關規定。
set up,v. 豎立；架起,中級,Mr. Rasheed has agreed to set up the audio system for this month's seminar.,拉希德先生已同意為本月的研討會架設音響系統。
take part in,v. 參加,中級,"Unlike last year, new programmers have to take part in the first stage of orientation this year.",與去年不同，今年新程式設計師必須參加第一階段的職前培訓。
required,adj. 要求的；必須的,中級,"The required training excursion will focus on leadership, which the president feels is lacking in many managers.",這次必修的培訓考察將著重於領導力，總統認為許多經理都缺乏這種能力。
train,v. 訓練；培訓,中級,We need to find someone who can train the staff to use the new office software.,我們需要找人來培訓員工使用新的辦公室軟體。
annual,adj. 一年一度的；每年的,高級,The annual training course is held every August.,年度培訓課程於每年八月舉行。
bring together,v. 招募；聚集,中級,We hope to bring together the most motivated and competitive employees.,我們希望匯聚最有動力、最有競爭力的員工。
build up,v. 建立,中級,The purpose of this excursion is to build up a sense of teamwork.,這次郊遊的目的是培養團隊合作精神。
guide,v. 引導,中級,Five former participants will guide trainees through the course.,五位往屆學員將指導學員完成課程。
instructor,n. 教練；指導者,高級,"She said she did not want to be an instructor, even though she will plan training course.",她說她不想當講師，儘管她會負責規劃培訓課程。
mentor,n. 導師；良師益友,高級,"Each group of trainees will be assigned a mentor, who will assist them during the hands-on portion.",每組學員將指派一名導師，在實務操作環節為他們提供協助。
session,n. (授課活動等的)時間；會議,高級,"Each session will run for two hours, followed by a 20-minute break.",每節課持續兩小時，之後休息 20 分鐘。
site,n. 地點,中級,The site for this year's training seminar will be in Frankfurt.,今年的培訓研討會將在法蘭克福舉行。
entertainment,n. 娛樂,中級,Karaoke has become a popular form of entertainment at birthday parties.,卡拉OK已成為生日派對上一種流行的娛樂形式。
invite,v. 邀請,初級,"Be sure to invite all the managers, even ones from other department.",務必邀請所有經理，甚至包括其他部門的經理。
present,n. 禮物,中級,"While bringing a present is not required, it is highly recommended.",雖然不強制要求帶禮物，但強烈建議帶。
welcome,v. 歡迎,初級,I would like to welcome you all to Kathy and Steve's first baby shower.,歡迎大家參加凱西和史蒂夫的第一次迎嬰派對。
congratulate,v. 恭喜,中級,Let me be the first to congratulate you on your upcoming wedding and to wish you the very best.,讓我第一個祝賀你即將步入婚姻殿堂，並祝你一切順利。
farewell,adj. 送別的,中級,Is Mrs. Kerry retiring before or after her farewell party?,凱瑞夫人是在告別派對之前還是之後退休？
party,n. 宴會；派對；政黨,初級,Do you think it would be better to held Mr. Smith's farewell party at a restaurant or a bar?,您認為在餐廳還是酒吧為史密斯先生舉辦告別派對比較好？
theme,n. 主題；題材,中級,Has anyone decided if the party's theme will be a cruise voyage or an Italian getaway.,有人決定好派對的主題是郵輪之旅還是在義大利度假嗎？
attribute,v. 歸因於,高級,She attributes her successes to the support of her coworkers and staff.,她將自己的成功歸功於同事和員工的支持。
awards ceremony,n. 頒獎典禮,高級,The president will present the achievement awards during the awards ceremony following dinner.,總統將在晚宴後的頒獎典禮上頒發成就獎。
banquet,n. 宴會；設宴款待,高級,The organizers have arranged for the banquet to be held in the hotel's conference room.,主辦單位已安排在飯店會議室舉行宴會。
celebrate,v. 慶祝,中級,"Once the president has finished her speech, we will celebrate the entrance of new employees into the company.",總統演講結束後，我們將慶祝新員工加入公司。
commemorate,v. 慶祝；紀念,高級,This event will commemorate our organization's 20th year of operation.,本次活動旨在紀念我們組織成立20週年。
activity,n. 活動,中級,Which activities did you have in mind for this year's Christmas party.,今年聖誕派對有哪些活動計畫？
ancient,adj. 古代的,中級,Giving children gifts of money at Chinese New Year is an ancient tradition in China.,在中國，春節給孩子壓歲錢是一個古老的傳統。
atmosphere,n. 氣氛,中級,"Keeping the time limit to three hours will help us maintain a festive atmosphere; more than that, and peaple will tired.",將時間限制在三個小時內有助於我們保持節日氣氛；超過三個小時，人們會感到疲倦。
costume,n. 服裝；戲服,中級,We would like to remind employees that the wearing of costumes will not be permitted this Halloween.,我們想提醒各位員工，今年萬聖節不允許穿戲服。
gather,v. 聚集,中級,Employees should gather for New Year's party by 7p.m.,員工應於晚上7點前集合參加新年派對。
observe,v. 慶祝(節日等)；遵守；觀察,中級,"This year, we will be observing both the Western and Chinese New years.",今年，我們將同時慶祝西方新年和中國新年。
anniversary,n. 週年紀念,高級,"Johnson's 25th wedding anniversary is this Friday, so let's have a small party for him at the office.",約翰遜的結婚25週年紀念日是本週五，所以我們在辦公室為他舉辦一個小型派對。
admire,v. 欽佩；欣賞；誇獎,中級,I think I speak for everyone here when I say how much I have admired your professionalism over the years.,我想我代表在座各位表達了我對您多年來專業精神的欽佩之情。
expect,v. 預期,中級,"When planning for retirement, it is important to expect medical costs to increse.",規劃退休生活時，請務必考慮醫療費用上漲的可能性。
retire,v. 退休,高級,I can't believe Mrs. Yamada will be able to retire at 55.,我簡直不敢相信山田太太55歲就能退休。
apprentice,n. 學徒；見習生,高級,My machanic is looking for an apprentice.,我的修車師傅正在招學徒。
assistant,n. 助手；助理,中級,I can't keep up with this paperwork. I need an assistant.,我忙不過來這些文書工作，我需要個助手。
associate,n. 夥伴；合夥人,高級,"This is George, my business associate.",這是我的生意夥伴喬治。
in charge of,負責,中級,She is in charge of North American sales.,她負責北美地區的銷售工作。
beneath,prep. 在...之下,中級,There are at least 10 people beneath her in the department.,部門裡至少有 10 個人比她低一級。
executive,adj. 行政上的；管理階層的,高級,This is her first time in an executive position.,這是她第一次擔任管理職。
fluctuation,n. 變動；變化,高級,The constant fluctuations in personal mean I never know who my real boss is.,人員變動頻繁，代表我永遠不知道誰才是我的真正老闆。
level,n. 程度；等級,初級,"I thought my work was good, but his performance is really on another level.",我以為我的作品已經很好了，但他的表現真的遠遠超出我的水準。
personnel,n. (總稱)員工；人事,高級,"If they don't hire some new people, they're going to face a serious personnel crisis.",如果他們不招些新人，他們將面臨嚴重的人事危機。
select,v. 選擇,中級,I'm hoping to be selected as the new team leader.,我希望被選為新的團隊領導。
supervisor,n. 主管,高級,I really need my supervisor to clarify what she want me to do.,我真的需要我的主管明確告訴我她想讓我做什麼。
understaffed,adj. 人手不足的,高級,We're so understaffed; I've ended up working until 10 p.m. every night this week.,我們人手嚴重不足；這週我每天晚上都要工作到晚上10點。
respectful,adj. 尊重人的,中級,He has to learn to be more respectful of his superiors if he want to get ahead.,他如果想獲得晉升，就必須學會更尊重上級。
spare,adj. 多餘的,中級,"It is just a small business corporation, so it may not have spare workforce for this projects.",它只是一家小型企業，所以可能沒有足夠的人手來參與這些項目。
resign,v. 辭職,高級,I dont want to resign until I've found a new position.,在我找到新工作之前，我不想辭職。
assignment,n. 任務；作業,高級,Have you finished the assignment yet?,你完成作業了嗎？
busy,adj. 忙碌的,初級,"She asked me to pick up her shift on Saturday, but I'm just too busy.",她要我星期六替她上班，但我實在太忙了。
shift,n. 輪班,高級,"I've got early shifts all week, so I can't stay up late.",我這週都要上早班，所以不能熬夜。
collaborate,v. 合作,高級,Ther've decided that they want sales and marketing to collaborate on the new plan.,他們決定讓銷售和市場部門合作制定新計劃。
department,n. 部門；科系,中級,"We used to have lunch together, but now that she's moved to another department, I hardly to see her anymore.",我們以前常常一起吃午飯，但是自從她調到另一個部門後，我就很少見到她了。
integral,adj. 不可或缺的,高級,He's an integral part of the design team. I don't know what I'd do without him.,他是設計團隊不可或缺的一員。沒有他，我真不知道該怎麼辦。
buyout,n. 買斷；(產權)全部買下,高級,The company promises thst nothing will change for enployees after the buyout.,公司承諾，收購完成後，員工的待遇不會有任何改變。
control,v. 控制,中級,I control the acquisition process at the company.,我負責公司的收購流程。
takeover,n. 收購；接管,高級,There will definitely be layoffs after the takeover.,收購完成後一定會有裁員。
transition,n. 過渡；交接,高級,They've sent a team of human resources specialists to help make sure the transition is smooth.,他們派出了一支人力資源專家團隊，以確保過渡順利進行。
acquisition,n. 收購,高級,They get rid of their competition through acquisitions.,他們透過收購來剷除競爭對手。
corporate,adj. 公司的；企業的,高級,"In my opinion, only a corporate lawyer can answer those questions.",我認為只有公司律師才能回答這些問題。
institute,n. (專科性的)學校，學院，大學；研究所,高級,The merging of these two well-known institutes has shocked the academic circles.,這兩所知名機構的合併震驚了學術界。
merger,n. (公司等的)合併,高級,What will the company's name be after the merger?,合併後公司會叫什麼名字？
transfer,v. 轉讓,高級,We're going to transfer all our design work to them as part of the merger.,作為合併的一部分，我們將把所有的設計工作轉移給他們。
appoint,v. 任命；委派職務,高級,I can't believe the CEO appointed his daughter as chair of the research committee!,我簡直不敢相信執行長竟然任命自己的女兒擔任研究委員會主席！
be accounted for,出席；到齊,高級,"All the board members are accounted for, so I think we're ready to get started on the vote.",所有董事會成員都已到位，所以我認為我們可以開始投票了。
board,n. 董事會；(有特定用途的)板；牌子,高級,"I think it's a great idea, but the board is so conservative that they might not approve it.",我覺得這是個好主意，但董事會非常保守，他們可能不會批准。
boardroom,n. 董事會會議室,高級,All the executives are gathered in the boardroom right now. I wonder what's going on.,所有高階主管現在都聚集在會議室。我想知道發生了什麼事。
direct,v. 指揮；主持；管理,中級,Who's going to direct the research team.,誰來領導研究團隊？
reliable,adj. 可靠的,中級,He's so reliable; he's never missed a deadline.,他非常可靠，從未錯過任何截止日期。
title,n. 頭銜,中級,The promotion is really just a change of title. Idon't have any new responsibilities.,這次晉升其實只是換了個頭銜，我沒有任何新的職責。
brick,n. 磚,初級,"The interior is wood paneling, but exterior is red brick.",內部採用木質鑲板，但外部是紅磚。
carpet,n. 地毯,初級,Putting down carpet would help reduce the noise levels.,鋪設地毯有助於降低噪音。
closet,n. 衣櫥,初級,"Seeing as there are no closets, storage space will be a problem.",由於沒有衣櫃，儲物空間將是一個問題。
compartment,n. 包廂；隔間,高級,"Each room is divided into three compartments, each of which is large enough to accommodate three cubicles.",每個房間分為三個隔間，每個隔間都足夠大，可以容納三個隔間。
entrance,n. 入口,初級,The south entrance needs a new passkey machine installed.,南入口需要安裝新的門禁卡機。
furnished,adj. 配有家具的,高級,"A temporary solution would be to rent a furnished office, but it will be expensive.",一個臨時的解決方案是租用一間帶家具的辦公室，但這會很昂貴。
garage,n. 車庫,初級,The garage has space for thirty cars and two trucks.,車庫可容納三十輛轎車和兩輛卡車。
lobby,n. 大廳；門廊,高級,"Given the large windows, the lobby should be right enough to make vistors feel comfortable.",鑑於大廳擁有寬大的窗戶，應該足以讓訪客感到舒適。
shelf,n. (書櫃等的)架子,初級,We will need to install shelves in each cubicle so that workers have some place to display personal items.,我們需要在每個隔間安裝擱板，以便員工有地方展示個人物品。
staff lounge,n. 員工休息室,中級,Employees have asked for a refrigerator to be installed in the staff lounge.,員工要求在員工休息室安裝一台冰箱。
wing,n. 側廳；廂房,中級,The north wing will house the IT department and all it servers.,北翼將容納IT部門和所有IT伺服器。
workplace,n. 工作場所,中級,Will we be able to maintain safety in a workplace this narrow? There's limited space between the walls and the robots.,在如此狹窄的工作場所，我們能否保證安全？牆壁和機器人之間的空間非常有限。
adjacent,adj. 鄰接的,高級,The adjacent building blocks most of the afternoon sunlight.,隔壁的建築物擋住了大部分下午的陽光。
broad,adj. 寬的,中級,The service road is broad enough so that our trucks will have no problem driving down it.,這條輔路很寬，我們的卡車行駛應該沒問題。
construction,n. 建築物,中級,"There are no large constructions nearby, so we anticipate no difficulties receiving satellite signals.",附近沒有大型建築物，因此我們預計接收衛星訊號不會有任何問題。
district,n. 區域,中級,"Our new office is in a residential district, so it is expected there will be a lot of houses and schools there.",我們的新辦公室位於居民區，所以預計那裡會有很多房屋和學校。
indoor,adj. 室內的,初級,"It's too dark, there's not enough indoor lighting in the warehouse.",倉庫裡太黑了，室內照明不足。
location,n. 位置；場所；所在地,中級,Rail and highway access is a key consideration when selecting a location for our new factory.,在選擇新工廠的選址時，鐵路和公路交通便利性是一個關鍵的考慮因素。
neighborhood,n. 鄰近地區,中級,"The surrounging neighborhood is mostly apartments and convenience stores, with a couple of small parks.",週邊地區大多是公寓和便利商店，只有幾個小公園。
on-site,adj. 就地的；現場的,高級,"Dangerous materials cannot be stored in on-site containers. Instead, they must be transported to a remote location.",危險物質不能儲存在現場的容器中，必須運送到偏遠地點。
patio,n. 中庭；院子,高級,The patio is wide enough for three sets of tables and chairs.,露台足夠寬敞，可以擺放三套桌椅。
railing,n. 欄杆，扶手；柵欄，圍欄,高級,"To comply with safety regulations, every second-floor landing must have a railing.",為符合安全規定，每個二樓平台都必須安裝欄桿。
statue,n. 雕像,中級,The mayor's office is considering putting up a statue of the town's founder at corner.,市長辦公室正在考慮在街角豎立一座該鎮創始人的雕像。
suburb,n. 郊區,高級,"Most suburbs have a large amount of residential housing, some small buisnesses catering to resident, and little to no industry.",大多數郊區都有大量的住宅，一些服務於居民的小型企業，但幾乎沒有工業。
surround,v. 圍繞,中級,The city has ruled that all factories must be surrounded by a green zone not less than 10 meters wide.,該市規定，所有工廠周圍必須有不小於10公尺寬的綠帶。
work on,從事,中級,Our recent environmental impact evaluation makes it clear we must work on reducing our emissions.,我們最近的環境影響評估表明，我們必須努力減少排放。
amenities,n. 福利設施,高級,"These company dormitories have all the standard amenities of a mid-priced hotel, including Wi-Fi and cable TV.",這些公司宿舍具備中階飯店的所有標準設施，包括無線網路和有線電視。
basic,adj. 基本的；基礎的,初級,"The basic utilities, water and electricity, are included in the rental fee.",租金包含水、電等基本生活費用。
convenient,adj. 方便的,中級,The location is convenient for anyone needing easy access to downtown.,對於任何需要便捷前往市中心的人來說，這裡地理位置十分便利。
electricity,n. 電力,中級,The power company has a buy-back scheme for local households with solar power systems generating excess electricity.,電力公司為當地擁有太陽能發電系統並產生多餘電力的家庭提供回購計畫。
energy,n. 能量,中級,The president is considering installing a geothermal energy system to heat the building.,總統正在考慮安裝地熱能源系統為大樓供暖。
reduce,v. 減少；降低,中級,Is there any way to reduce our gas bill? It has gone beyond our budget for the third month in a row now.,有什麼辦法可以降低我們的瓦斯費嗎？這已經連續三個月超出預算了。
stationery,n. 文具,高級,"Given how much paper our office uses, we need to find a cheap stationery supplier immediately.",鑑於我們辦公室用紙量很大，我們需要立即找到一家價格低廉的辦公用品供應商。
utilities,n. 公用事業(通常指水、電、瓦斯等),高級,"Among the utilities we will need to hook up first, electricity and gas are the highest priority.",在我們需要優先接通的各種公用設施中，電力和天然氣是最重要的。
monitor,n. 監視器,中級,The building has monitors for both the front and rear entrances.,大樓前後入口均設有監視器。
lease,n. 租金；租約 v. 租借,高級,The cost of the lease is too high; it would've been cheaper if we had bought a space for long-term use.,租金太高了；如果我們買個地方長期使用會比較便宜。
mortgage,n. 抵押借款,高級,"Before we consider taking out a mortgage, let's look into renting an office space.",在考慮申請抵押貸款之前，我們先來看看租用辦公空間的情況。
stationary,adj. 不動的；固定的,高級,"Actually, the interior walls are not stationary; they can be removed to create a large space.",實際上，內牆並非固定不變；它們可以拆除以創造一個更大的空間。
tenant,n. 房客；承租人；住戶,高級,"The previous tenants falied to do necessary maintenance, so the property needs a lots of cleaning and repairs.",之前的租戶沒有進行必要的維護，所以這處房產需要大量的清潔和維修。
trustee,n. 收託人,高級,"Since the original owner died, the property has been managed by a trustee.",自原業主過世後，該房產一直由受託人管理。
borrow,v. 借入,初級,Can I borrow the book when you're finished.,你寫完後我可以藉這本書嗎？
extension,n. 延長時間；延期,高級,We haven't finished using the conference room--can we have an extension until 3p.m.?,我們還沒用完會議室──可以延到下午3點嗎？
rent,v. 租入；租出,初級,"I'm looking for an apartment to rent, but I hope to buy a house soon.",我正在尋找出租公寓，但我希望不久後能買一棟房子。
reserve,v. 預約；保留,中級,I'm going to reserve a van to take us to the company picnic.,我打算預訂麵包車送我們去參加公司野餐。
belong,v. 屬於,初級,Who does this tablet belong to?,這塊平板電腦是誰的？
demolish,v. 拆除；破壞,高級,It can't be fixed. there is no other way but to demolish it.,它無法修復，除了拆除別無他法。
dispose,v. 處理,高級,Where should I dispose of dead batteries?,廢電池該如何處理？
renovate,v. 整修,高級,"The apartment is shabby now, but imagine how it could be if we renovate it!",這間公寓現在很破舊，但想像一下，如果我們翻新一下，它會變得多麼漂亮！
repair,v. 修理,中級,Do you know of a shop that repairs watches.,你知道哪裡有修手錶的店嗎？
occupy,v. 占用,高級,I'm afraid we're going to occupy the only meeting room all day.,恐怕我們今天得佔用唯一的會議室一整天了。
share,v. 分享,初級,I share an office with Tom Smith.,我和湯姆‧史密斯共用一間辦公室。
as needed,phr. 需要的時候,中級,"We don't restock our stationery according to any schedule, just as needed.",我們沒有固定的辦公用品補貨時間表，而是根據需要隨時補貨。
alternative,n. 選擇；替代方案,中級,What you're suggesting isn't possible. Can you give me an alternative.,你提出的方案行不通。你能給我一個替代方案嗎？
detailed,adj. 詳細的,初級,"I've never done this before, so please be as detailed as possible in your instruction.",我以前從未做過這件事，所以請盡可能詳細地說明。
insufficient,adj. 不足的；不充分的,高級,"I thought I'd be able to assemble this by my self, but the manual is completely insufficient.",我以為可以自己組裝，但是說明書完全不夠用。
once,adv. 一旦；只要,初級,"Once you're fitted the bolt, slowly turn the gear.",安裝好螺栓後，慢慢轉動齒輪。
periodically,adv. 週期性地,中級,Shake the can periodically so the paint doesn't settle.,定期搖晃罐子，以免油漆沉澱。
procedure,n. 程序，手續；步驟,中級,"It's such a simple procedure, I don't think I need to read the directions.",這個過程非常簡單，我覺得不需要看說明書。
secure,v. 把......固定,中級,"Secure the handle, then turn on the machine.",固定好把手，然後啟動機器。
appliance,n. 設備；用具；裝置,中級,Our office appliances are so out-of-date.,我們的辦公設備太老舊了。
container,n. 容器,初級,Where's the container for paper clips.,放回形針的盒子在哪裡？
contractor,n. 包商；承包人,中級,No one here knows how to do a repair that complex. We'll have to hire a contractor.,這裡沒人會做這麼複雜的維修。我們得僱個承包商。
device,n. 裝置；器械；儀器,初級,"In an office with no pencils, a pencil sharpener is a useless device.",在沒有鉛筆的辦公室裡，削鉛筆器就是一件沒用的事。
directory,n. 電話簿；通訊錄,中級,Could you check the personnel directory and find out how to contact each team member.,請查閱人員名錄，找出每位團隊成員的聯絡方式。
equipment,n. 設備；配備；器材,中級,I hope they're going to order some new printing equipment.,我希望他們能訂購一些新的印刷設備。
facility,n. (尤指包含多個建築物，有特定用途的)設施；場所,中級,"If we want to produce things on such a huge scale, we're going to need a much bigger facility.",如果我們想大規模生產產品，就需要更大的廠房。
maintenance,n. 維修；保養,中級,We need a maintenance crew to come take a look at this leak in the kitchen.,我們需要維修人員來檢查廚房的漏水問題。
property,n. 財產；所有物,中級,"We're not allow to take company property home, not even pens.",我們不被允許把公司財物帶回家，連鋼筆也不行。
resource,n. 資源,初級,"You can't move the scanner into your office, it's a shared resource!",你不能把掃描器搬進你的辦公室，它是共享資源！
software,n. 電腦軟體,初級,We need to update our accounting software.,我們需要更新會計軟體。
acquaint,v. 使認識、使熟悉,中級,You really should acquaint yourself with the machine before you need to use it urgently.,在急需使用機器之前，你真的應該先熟悉一下它的功能。
at all time,phr. 任何時候,初級,Please use caution at all time when operating the espresso machine.,操作咖啡機時請務必隨時小心謹慎。
carefully,adv. 小心地,初級,You have to add the cartridge very carefully or it'll jam.,你必須非常小心地安裝墨盒，否則會卡住。
follow,v. 跟隨；聽從,初級,"If you don't follow the instructions, you might break something.",如果不按說明操作，可能會損壞東西。
helpful,adj. 有幫助的,初級,"If you don't bother to read the manual, you'll find it's very helpful.",如果你不去看說明書，你會發現它非常有用。
manual,n. 手冊；簡介,中級,Didn't the box contain a user's manual?,包裝盒裡沒有使用手冊嗎？
method,n. 方法,初級,"The manual say ""break down the machine"" but doesn't give us any method for doing that!",說明書上說“拆解機器”，但沒有告訴我們具體該怎麼做！
structure,n. 結構；構造；建築物,中級,There's an office shelving structure in the instructions diagram that I can't identify.,說明書圖示中有一個辦公書架結構，但我無法辨識。
complete,v. 完成,初級,"Several employees have complained that evem though they completed the customer's data entry, they system didn't save it.",多名員工抱怨說，即使他們完成了客戶資料輸入，系統也沒有保存資料。
fill,v. 填滿；填寫,初級,The clients filled the remaining space with their e-mail addresses.,客戶們在剩餘的空白處填寫了自己的電子郵件地址。
item,n. 項目,初級,Data entry forms should not have more than 10 items.,資料輸入表不應超過10項。
signature,n. 簽名,中級,Every form must have space for three signatures.,每份表格必須留出三個簽名空間。
template,n. 範本,中級,Be sure to use the approved template whenever creating new expense reports.,建立新的費用報告時，請務必使用已核准的範本。
approve,v. 贊成；同意；批准,中級,"1. Before your loan application can be approved, you need to provide proof of your assets. 2. Do you approve of this plan?",1. 您的貸款申請獲批前，需要提供資產證明。 2. 您是否同意此方案？
deadline,n. 截止期限,中級,"The deadline is January 20, so make sure you finish the report no later than the 19th.",截止日期是1月20日，所以請確保在1月19日之前完成報告。
reject,v. 拒絕；駁回,初級,The most common reason for rejecting an application is completing the paperwork incorrectly.,申請被拒的最常見原因是表格填寫不正確。
rush,v. 催趕；衝忙趕事,初級,There is no way to rush the process without sacrificing quality.,加快這個過程必然會犧牲品質。
submit,v. 送出；繳交,初級,Fifteen candidates submitted applications for the assistant manager position.,共有十五名候選人申請助理經理職位。
appendix,n. 附錄；闌尾,中級,1. A user's manual without an appendix is not user-friendly. 2. He had surgery to remove his appendix.,1. 沒有附錄的使用手冊不夠使用者友善。 2. 他做了闌尾切除手術。
compile,v. 編譯；整理；彙整,中級,Please compile a list of inactive customers with their home addresses and phone numbers.,請整理一份不活躍客戶的名單，包括他們的家庭住址和電話號碼。
divide,v. 分；分開,初級,Divide the page into three columns to make it easier to read.,將頁面分成三欄，以便於閱讀。
abnormal,adj. 異常的,中級,The doctor found an abnormal result in the blood test.,醫生發現血液檢查結果異常。
abort,v. 中止,中級,The pilot decided to abort the flight because of bad weather.,由於天氣惡劣，飛行員決定取消飛行。
acid,n. 酸,初級,Lemon juice contains a natural acid.,檸檬汁含有天然酸。
active,adj. 主動的；積極的,初級,She is very active in school activities.,她積極參與學校活動。
add,v. 增加；添加,初級,Please add some sugar to the coffee.,請在咖啡裡加點糖。
adjust,v. 調整,中級,Please adjust the chair to a comfortable height.,請將椅子調整到舒適的高度。
air shower,n. 潔淨通道,高級,Workers must pass through the air shower before entering the clean room.,工作人員必須先經過風淋室才能進入無塵室。
alarm,n. 警報,中級,The fire alarm suddenly went off during the meeting.,會議期間，火警警報聲突然響起。
alert,n. 警報,中級,The weather service issued a flood alert this morning.,今天早上氣象部門發布了洪水警報。
align,v. 對焦,中級,Please align the boxes neatly on the shelf.,請將盒子整齊地擺放在架子上。
annually,adv. 每年地,中級,The company holds a meeting annually.,公司每年召開一次會議。
area,n. 區域,初級,This area is reserved for employees only.,此區域僅限員工使用。
attach,v. 附上,初級,Please attach the file to your email.,請將文件作為附件新增至您的電子郵件。
audit,v. 稽核；查核,中級,The company will conduct an internal audit next month.,公司將於下個月進行內部稽核。
automatic,adj. 自動的,中級,The doors open automatically when someone approaches.,有人靠近時，門會自動打開。
automotive,adj. 汽車的,中級,He works in the automotive industry.,他在汽車業工作。
available,adj. 可使用的；可購買的；有空的,中級,1. Is this meeting room available this afternoon? 2. These products are available online. 3. The manager is not available right now.,1. 這間會議室今天下午有空嗎？ 2. 這些產品可以在網路上購買。 3. 經理現在不在。
backup,n. 備份；支援,中級,Always keep a backup of important files.,務必備份重要文件。
bank,n. 銀行 v. 暫存,初級,1. I went to the bank to deposit some money. 2. She banks her salary every month.,1. 我去銀行存了些錢。 2. 她每個月都把薪水存到銀行。
beam,n. 光束,初級,A beam of light came through the window.,一束光線透過窗戶射了進來。
benchmark,n. 標竿；標準,高級,This product sets a new benchmark in the industry.,該產品為業界樹立了新的標竿。
bottle,n. 瓶子,初級,Please drink a bottle of water every day.,請每天喝一瓶水。
bottom,n. 底部,初級,The keys are at the bottom of the bag.,鑰匙在包包的最底部。
broken,adj. 破掉的；壞掉的,初級,"My phone is broken, so I can’t use it.",我的手機壞了，所以用不了。
cancel,v. 取消,初級,The meeting was canceled due to heavy rain.,由於暴雨，會議取消了。
card,n. 卡片,初級,I used my credit card to pay for the meal.,我用信用卡支付了餐費。
cassette,n. 晶片專用盒,中級,The wafer are stored in a wafer cassette to avoid contamination.,晶圓存放在晶圓盒中，以避免污染。
center,n. 中心,初級,The meeting was held in the city center.,會議在市中心舉行。
certify,v. 證實；認證,中級,The engineer certified that the machine was safe to use.,工程師確認該機器使用安全。
change,v. 更換,初級,I want to change my job next year.,我明年想換工作。
chart,n. 圖表,初級,The sales chart shows a steady increase.,銷售圖表顯示銷售額穩定成長。
stunned,adj. 震驚的、驚呆的,初級,I was stunned by the unexpected news.,我被這突如其來的消息震驚了。
stun,v. 使震驚、使目瞪口呆,初級,The final result stunned everyone in the room.,最終結果令在場的所有人都震驚了。
overcome,v. 克服、戰勝；受到強烈影響而難以控制,中級,1. She worked hard to overcome her fear of speaking in public. 2. He was overcome with emotion after hearing the good news.,1. 她努力克服了公開演講的恐懼。 2. 聽到這個好消息後，他激動不已。
composed,adj. 冷靜的、鎮定的,中級,She remained composed during the interview.,她在採訪過程中始終保持鎮定。
compose,v. 組成、構成；創作,中級,1. Water is composed of hydrogen and oxygen. 2. Mozart composed many famous pieces of music.,1. 水由氫和氧組成。 2. 莫札特創作了許多著名的音樂作品。
tolerance,n. 容忍、忍耐力、耐性,高級,Good teamwork requires patience and tolerance.,良好的團隊合作需要耐心和包容。
tolerate,v. 容忍、忍受,高級,I can't tolerate loud noise when studying.,我學習時無法忍受噪音。
insane,adj. 瘋狂的、荒唐的；精神失常的,中級,1. The ticket prices were insanely expensive. 2. The criminal was declared insane by the court.,1. 票價貴得離譜。 2. 法庭宣布該罪犯精神失常。
insanely,adv. 極度地、非常地,中級,She is insanely good at playing the piano.,她鋼琴彈得非常好。
start out,phr. v. 開始、起初著手做某事；出發、動身,中級,1. He started out as a technician before becoming a manager. 2. We started out early in the morning to avoid traffic.,1. 他原本是技術員，後來升任經理。 2. 我們一大早就出發，以避開交通擁擠。
timed,adj. 計時的、限時的,初級,The students took a timed test in class today.,今天學生們在課堂上進行了一次限時測驗。
time,v. 為...計時 n. 時間,初級,1. She timed how long it took to finish the task. 2. Time passes quickly when you are busy.,1. 她計時記錄了完成這項任務所需的時間。 2. 忙碌的時候時間過得很快。
faint,adj. 微弱的、模糊的 v. 昏倒、暈倒,中級,1. I heard a faint sound coming from outside. 2. She almost fainted because of the heat.,1. 我聽到外面傳來微弱的聲音。 2. 她差點因為太熱而暈倒。
faintly,adv. 微弱地、隱約地,中級,I could faintly see the lights in the distance.,我隱約能看到遠處的燈光。
cogwheel,n. 齒輪,中級,The broken cogwheel stopped the machine from working.,齒輪損壞導致機器停止運轉。
cog,n. 齒、輪齒；小零件,初級,Every cog in the machine must work properly.,機器中的每一個齒輪都必須正常運作。
wheel,n. 輪子,初級,The wheel of the cart was damaged.,手推車的輪子壞了。
find out,phr. v. 查明、發現、得知,中級,We need to find out what caused the problem.,我們需要找出問題的原因。
trajectory,n. 軌跡、軌道；（比喻）發展趨勢、人生軌道,高級,1. The rocket’s trajectory was carefully calculated before launch. 2. Her career trajectory changed after she moved to a new company.,1. 火箭的飛行軌跡在發射前經過了仔細計算。 2. 她跳槽到新公司後，職涯發展軌跡發生了變化。
dodge,v. 閃避、躲開、逃避,中級,She quickly dodged the question during the interview.,採訪中，她迅速迴避了這個問題。
agility,n. 敏捷、靈活性；應變能力、靈活反應能力,中級,1. The cat’s agility allowed it to jump easily onto the roof. 2. The company showed great agility in responding to market changes.,1. 這隻貓身手敏捷，輕鬆跳上了屋頂。 2. 這家公司在應對市場變化方面展現了極強的彈性。
parry,v. 招架、擋開；巧妙回應、迴避,中級,He parried the difficult question with a joke.,他用一個笑話巧妙地迴避了這個棘手的問題。
digital,adj. 數位的、數字的；數位化的,中級,We live in a digital age where most information is online.,我們生活在數位時代，大部分資訊都存在於網路上。
stamina,n. 耐力、持久力,中級,Running a marathon requires a lot of stamina.,跑馬拉松需要很強的耐力。
else,adv. 其他、另外、否則,初級,Do you need anything else?,您還需要什麼嗎？
drawn,adj. 疲憊的、憔悴的,中級,She looked pale and drawn after staying up all night.,她熬了一整夜，臉色蒼白憔悴。
qualified,adj. 合格的、有資格的,中級,He is a highly qualified engineer.,他是一位資歷深厚的工程師。
qualify,v. 合格、符合資格；使有資格,中級,She qualified as a nurse last year.,她去年獲得了護士資格。
qualification,n. 資格、條件；證照,中級,What qualifications do you need for this job?,這份工作需要哪些資格？
sensible,adj. 理智的、明智的、合理的,中級,It was a sensible decision to leave early because of the storm.,由於暴風雨天氣，提前離開是個明智的決定。
spectacle,n. 景象、壯觀場面；（常指引人注目的）表演或場面,高級,1. The fireworks created a magnificent spectacle in the night sky. 2. The parade was a colorful spectacle that attracted thousands of people.,1. 煙火在夜空中綻放出絢麗的景象。 2. 遊行隊伍色彩繽紛，吸引了成千上萬的人前來觀看。
arise,v. 出現、產生；發生(較正式用法),中級,1. Problems may arise if the system is not properly maintained. 2. A new opportunity has arisen for her.,1. 如果系統維護不當，可能會出現問題。 2. 她迎來了一個新的機會。
tutorial,n. 教學課程、指導課、教學影片、教材,中級,1. I watched an online tutorial on how to use Excel. 2. The teacher gave us a tutorial on solving math problems.,1. 我觀看了一個關於如何使用Excel的線上教學。 2. 老師告訴我們如何解決數學問題。
statistic/stats,n. 統計資料、數據；（非正式）統計數學,中級,1. I checked the player’s stats before the game. 2. The website shows daily traffic stats.,1. 我在賽前查看了球員的統計數據。 2. 網站顯示每日流量統計資料。
substantially,adv. 大幅地、實質上、相當地,中級,The price of the product has been substantially reduced.,該產品的價格已大幅降低。
outcome,n. 結果、結局、後果,中級,We are still waiting for the outcome of the investigation.,我們仍在等待調查結果。
mobility,n. 移動性、行動能力；流動性,中級,1. Regular exercise improves mobility in older adults. 2. The company offers jobs with high mobility between departments.,1. 規律運動可以提高老年人的活動能力。 2. 該公司提供跨部門流動性高的職位。
endurance,n. 耐力、持久力,高級,Marathon runners need great endurance.,馬拉松運動員需要強大的耐力。
wound,n. 傷口、創傷,初級,The wound on his arm is still healing.,他手臂上的傷口還在癒合中。
mystery,n. 神祕的事物、謎；懸疑事件,中級,1. The disappearance of the ship remains a mystery. 2. She enjoys reading mystery novels.,1. 這艘船的失蹤至今仍是個謎。 2. 她喜歡讀推理小說。
merchant,n. 商人、販賣者（較正式或古典用法）,中級,The merchant sold spices and silk in the market.,商人在市場上出售香料和絲綢。
relief,n. 放鬆、解脫；緩解；救濟,中級,I felt a great sense of relief after finishing the exam.,考完試後，我感到如釋重負。
solicit,v. 請求、懇求；招攬（生意、捐款等）,中級,1. The charity is soliciting donations for disaster relief. 2. He was arrested for soliciting money on the street.,1. 該慈善機構正在為救災募款。 2. 他因在街頭乞討而被逮捕。
pass by,phr. v. 經過、走過；時間流逝,初級,I saw her pass by the window.,我看到她從窗邊經過。
occasionally,adv. 偶爾、有時候,中級,I occasionally go hiking on weekends.,我偶爾會在週末去健行。
commonplace,adj. 常見的、普通的 n. 老生常談,高級,1. Smartphones are now commonplace in daily life. 2. His speech was full of commonplaces.,1. 智慧型手機如今已成為日常生活中的常見物品。 2. 他的演講充滿了陳腔濫調。
potion,n. 藥水、藥劑,中級,The wizard gave him a healing potion.,巫師給了他一瓶治療藥水。
artifact,n. 人工製品；文物；（數位/影像）雜訊或假象,中級,1. Archaeologists discovered ancient artifacts in the ruins. 2. The scan showed an artifact caused by movement.,1. 考古學家在遺址中發現了古代文物。 2. 掃描結果顯示，文物是由移動造成的。
horn,n. 角；喇叭；號角,初級,1. The bull has large sharp horns. 2. He pressed the car horn to warn the driver. 3. The hunter blew a horn to signal the others.,1. 這頭公牛長著又大又尖的角。 2. 他按了汽車喇叭提醒司機。 3. 獵人吹響喇叭向其他人發出訊號。
acquire,v. 獲得、取得；習得（技能、知識等）,中級,1. She acquired a lot of experience during her internship. 2. He acquired the company last year.,1. 她在實習期間累積了豐富的經驗。 2. 他去年收購了這家公司。
rely,v. 依賴、依靠,初級,You can rely on me.,你可以信賴我。
physical,adj. 身體的；物理的；實體的,中級,1. Regular exercise improves physical health. 2. We need to consider the physical environment of the building. 3. He prefers physical books to e-books.,1. 定期運動有益身體健康。 2. 我們需要考慮建築物的物理環境。 3. 他喜歡紙本書而不是電子書。
certain,adj. 確定的；某些的；特定的,中級,1. I am certain that he will come. 2. Certain people are more sensitive to noise. 3. There is a certain risk involved in this project.,1. 我確信他會來。 2. 有些人對噪音比較敏感。 3. 這個項目存在一定的風險。
desired,adj. 渴望的、期望的；想要的,初級,The training helped him reach his desired results.,訓練幫助他達到了預期目標。
amount,n. 數量、金額 v. 總計為...,中級,1. The amount of sugar in this drink is too high. 2. The total cost amounts to $500.,1. 這款飲料含糖量太高了。 2. 總成本為500美元。
conscience,n. 良心、道德心,中級,His conscience would not allow him to lie.,他的良心不允許他說謊。
mineral,n. 礦物 adj. 礦物的,中級,1. The human body needs essential minerals like calcium and iron. 2. Mineral water is often sold in bottles.,1. 人體需要鈣、鐵等必需礦物質。 2. 礦泉水通常以瓶裝形式販售。
robbery,n. 搶劫、強盜行為,中級,The bank robbery happened in broad daylight.,銀行搶劫案發生在光天化日之下。
fine,adj. 很好的 n. 罰款,初級,1. The weather is fine today. 2. He had to pay a fine for speeding.,1. 今天天氣晴朗。 2. 他因為超速被罰款了。
entertaining,adj. 有趣的、娛樂性的、令人愉快的,中級,1. The movie was very entertaining from start to finish. 2. He is an entertaining speaker who keeps everyone interested.,1. 這部電影從頭到尾都非常精彩。 2. 他是一位風趣幽默的演講者，能讓大家保持興趣。
incredibly,adv. 非常地、難以置信地,中級,The test was incredibly difficult.,考試難度非常大。
acquired,adj. 獲得的、習得的；已取得的,中級,Language skills are often acquired through practice.,語言技能通常是透過練習獲得的。
refine,v. 精煉、改善、使更精確,中級,1. Oil must be refined before it can be used as fuel. 2. She refined her presentation before the meeting.,1. 石油必須經過提煉才能當作燃料。 2. 她在會前修改了她的演講稿。
repetition,n. 重複、反覆,中級,Learning a language requires a lot of repetition.,學習語言需要大量的重複練習。
synesthesia,n. 聯覺、通感（感官混合的現象）,高級,People with synesthesia may see colors when they hear music.,患有聯覺的人在聽到音樂時可能會看到顏色。
palm,n. 手掌；棕櫚樹,初級,1. She held the coin in the palm of her hand. 2. Palm trees grow well in tropical areas.,1. 她把硬幣握在手掌裡。 2. 棕櫚樹在熱帶地區生長良好。
prowess,n. 高超技巧、卓越能力（尤指戰鬥、運動或專業能力）,中級,The athlete is known for his physical prowess.,這位運動員以其出色的體能而聞名。
practically,adv. 幾乎、實際上；實用地,中級,1. The project is practically finished. 2. She thinks practically when solving problems.,1. 這個項目其實已經完成了。 2. 她在解決問題時思維務實。
particularly,adv. 特別地、尤其,中級,I particularly enjoy science fiction movies.,我特別喜歡科幻電影。
partially,adv. 部分地、不完全地,中級,The road was partially blocked by the fallen tree.,道路部分被倒下的樹木阻擋。
perspective,n. 觀點、看法；透視（視角）,中級,"1. From my perspective, the plan is not practical. 2. The artist used perspective to create depth in the painting.",1. 在我看來，這個計劃並不實際。 2. 這位藝術家運用透視法在畫作中創造了深度。
vision,n. 視力；視野；想像力；遠見,初級,1. She has very good vision without glasses. 2. The tall building blocked my vision of the sea. 3. The leader has a clear vision for the future.,1. 她不戴眼鏡視力也很好。 2. 高樓擋住了我看海的視線。 3. 這位領導者對未來有著清晰的願景。
bring out,phr. v. 使顯現；推出；引出；發表,中級,1. The lighting brings out the beauty of the painting. 2. The company will bring out a new phone next month. 3. His speech brought out strong emotions in the audience.,1. 燈光襯托出這幅畫的美。 2. 該公司下個月將推出一款新手機。 3. 他的演講引起了聽眾的強烈共鳴。
outline,n. 大綱；輪廓 v. 勾勒,初級,1. The teacher asked us to write an outline before the essay. 2. I could see the outline of the mountains in the fog. 3. He outlined his plan during the meeting.,1. 老師要求我們在寫作文之前先列個提綱。 2. 我在霧中能看到山的輪廓。 3. 他在會議上概述了他的計劃。
object,n. 物體；對象；目標 v. 反對,初級,1. There was a strange object in the sky. 2. The object of the game is to score the most points. 3. I object to his decision.,1. 天空中出現了一個奇怪的物體。 2. 這場比賽的目標是獲得最高分。 3. 我反對他的決定。
phenomenon,n. 現象；奇事；傑出人物,高級,1. The northern lights are a natural phenomenon. 2. She is a musical phenomenon at a young age.,1. 北極光是一種自然現象。 2. 她年紀輕輕就展現出音樂天份。
quite,adv. 相當、頗；完全地,初級,1. The movie was quite interesting. 2. I am quite sure about the answer.,1. 這部電影很有意思。 2. 我對答案很有把握。
enough,adv.足夠的 adj. 足夠地 pron. 充足,初級,1. We have enough time to finish the work. 2. She is tall enough to reach the shelf. 3. Enough is enough.,1. 我們有足夠的時間完成這項工作。 2. 她個子夠高，能夠到架子上。 3. 夠了。
race,n./v. 比賽；競速,初級,1. He won the race easily. 2. They raced to the finish line.,1. 他輕鬆贏得了比賽。 2. 他們一路狂奔到終點。
seriously,adv. 認真地；嚴肅地；非常地,中級,1. You need to take this matter seriously. 2. It is seriously cold today.,1. 你需要認真對待這件事。 2. 今天非常冷。
pace,n. 步調；速度 v. 步伐；來回踱步,初級,1. The runner kept a steady pace throughout the race. 2. He paced back and forth while waiting for the results.,1. 這位跑者在整場比賽中都保持著穩定的速度。 2. 他在等待比賽結果時來回踱步。
go up ,phr. v. 上升、增加、漲價,初級,1. The balloon has gone up into the sky. 2. Prices have gone up this year. 3. The number of students has gone up.,1. 氣球升空了。 2. 今年的價格上漲了。 3. 學生人數增加了。
copper,n. 銅；銅幣,初級,Copper is widely used in electrical wires.,銅廣泛用於電線。
scarecrow,n. 稻草人 ,中級,The farmer placed a scarecrow in the field to protect the crops.,農夫在田裡放置了一個稻草人來保護農作物。
imitate,v. 模仿、仿效,中級,He often imitates his teacher’s voice.,他常模仿老師的聲音。
movement,n. 移動；運動；動作；（社會）運動,中級,1. The movement of the robot is very smooth. 2. The movement of the train was slow at first. 3. The environmental movement has grown worldwide.,1. 機器人的運動非常平穩。 2. 火車起初行駛緩慢。 3. 環保運動已在全球發展壯大。
exactly,adv. 確切地；精確地；完全正確；正是如此,中級,1. This is exactly what I needed. 2. The timing was exactly right. 3. “So you think we should leave?” — “Exactly.”,1. 這正是我需要的。 2. 時機剛剛好。 3. “所以你覺得我們應該走了？”——“正是如此。”
tied,adj. 綁住的；打成平手的；被束縛的,初級,1. The two teams tied in the final game. 2. He is tied to his job and cannot travel.,1. 兩隊在決賽打成平手。 2. 他工作繁忙，無法出差。
tie,v. 綁住、繫上,初級,She tied her shoes before going out.,她出門前繫好了鞋帶。
breakthrough,n. 突破；重大進展；關鍵性發現,中級,Scientists made a major breakthrough in cancer treatment.,科學家在癌症治療方面取得了重大突破。
stab,v. 刺、戳 n. 一刺；突然劇痛；(比喻)嘗試,初級,1. He stabbed the meat with a fork. 2. She felt a sharp stab of pain in her chest. 3. He took a stab at answering the question.,1. 他用叉子戳了戳肉。 2. 她感到胸口一陣劇痛。 3. 他嘗試回答這個問題。
activate,v. 啟動、激活；使開始運作；使活化,初級,1. You need to activate the software before using it. 2. Heat can activate certain enzymes. ,1. 使用前需啟動軟體。 2. 熱能可以活化某些酵素。
sense,n. 感覺；意識；判斷力；理解 v. 感覺到,初級,1. He has a good sense of hearing. 2. She has no sense of danger. 3. I sensed that something was wrong. ,1. 他聽力很好。 2. 她沒有危險意識。 3. 我覺得有些不對勁。
make sence,phr. v. 有道理；合理；說得通,中級,1. Your explanation makes sense. 2. It doesn’t make sense to leave now.,1. 你的解釋很有道理。 2. 現在離開沒有意義。
sensor,n. 感測器、傳感器,中級,The phone has a fingerprint sensor for security.,手機配備指紋感應器，以確保安全。
aim,n. 目標；目的 v. 瞄準；致力於，以...為目標,初級,1. My aim is to improve my English. 2. He aimed the arrow at the target.,1. 我的目標是提高我的英語能力。 2. 他瞄準靶心射箭。
nonsense,n. 胡說八道；荒謬的事；無意義的話,中級,Don’t believe that nonsense on the internet.,不要相信網路上那些無稽之談。
stomach,n. 胃；肚子 v. 忍受,中級,1. My stomach hurts after eating too much. 2. I can’t stomach that kind of behavior.,1. 我吃太多後胃痛。 2. 我無法容忍那種行為。
descend,v. 下降；下來；遺傳自；突然降臨,中級,1. The airplane began to descend slowly. 2. She carefully descended the stairs. 3. He is descended from a royal family. 4. Silence descended over the room.,1. 飛機開始緩緩下降。 2. 她小心翼翼地走下樓梯。 3. 他出身於皇室家族。 4. 房間裡一片寂靜。
bulky,adj. 體積大的、笨重的、佔空間的,中級,He carried a bulky backpack during the trip.,旅途中他背著一個笨重的背包。
nine out of ten,phr. 十之八九；十分之九；大多數情況下,中級,"1. Nine out of ten students passed the exam. 2. Nine out of ten times, he arrives early.",1. 十個學生中有九個通過了考試。 2. 十次裡有九次他都會提早到達。
lean,v. 傾斜；倚靠 adj. 瘦的；精簡的,初級,1. He leaned against the wall and waited. 2. He has a lean body from regular exercise. 3. The company operates with a lean management style.,1. 他靠在牆上等待。 2. 他經常鍛煉，所以身材精瘦。 3. 這家公司採用​​精實管理模式營運。
crumble,v. 崩裂；瓦解；崩潰；弄碎 n. 碎屑,中級,1. The old wall began to crumble after the earthquake. 2. She crumbled the bread into small pieces. 3. Apple crumble is a popular dessert,1. 地震後，那堵老牆開始崩塌。 2. 她把麵包掰成小塊。 3. 蘋果酥是一種很受歡迎的甜點。
browse,v. 瀏覽、隨意查看、逛,初級,She was browsing the internet for travel information.,她正在上網尋找旅遊資訊。
end up,phr. v. 最終變成；結果是；到頭來,初級,"1. He studied engineering but ended up becoming a teacher. 2. If you don’t leave now, you may end up missing the train.",1. 他學的是工程學，結果卻當了老師。 2. 如果你現在不走，可能就趕不上火車了。
just,adv.剛剛；只是；正好 adj. 公平的,初級,1. I just finished my homework. 2. It’s just a joke. 3.This shirt is just right for you. 4. The judge made a just decision. ,1. 我剛做完作業。 2. 這只是個玩笑。 3. 這件襯衫很適合你。 4. 法官做出了公正的判決。
silly,adj. 愚蠢的、傻的；滑稽的、幼稚的,初級,1. That was a silly mistake. 2. We were being silly and laughing all night.,1. 那真是個愚蠢的錯誤。 2. 我們整晚都在胡鬧，笑個不停。
cramp,n. 抽筋、痙攣 v. 束縛、限制,中級,1. I got a cramp in my leg while swimming. 2. The small desk cramps my movement.,1. 我游泳時腿抽筋了。 2. 這張小桌子限制了我的行動。
space out,phr. v. 發呆、走神、恍神,中級,I was spacing out during the lecture.,上課的時候我一直在走神。
pervert,n. 變態的人 v. 使墮落；扭曲（原意）,中級,1. He was accused of being a pervert. 2. Power can pervert people’s judgment.,1. 他被指控為變態。 2. 權力會扭曲人們的判斷力。
ogle,v. (通常為不禮貌的) 注視；色瞇瞇地看,初級,I caught him ogling the woman in the red dress.,我看到他正盯著那個穿紅裙子的女人。
urge,v. 催促；力勸 n. 強烈慾望,初級,1. I urged him to see a doctor. 2. I had an urge to eat chocolate.,1. 我勸他去看醫生。 2. 我突然很想吃巧克力。
scold,v. 責罵、訓斥,初級,The teacher scolded the student for being late.,老師斥責了遲到的學生。
peckish,adj. (英式口語）有點餓、微餓,中級,I’m feeling a bit peckish.,我有點餓了。
step away,phr. v. 走開、離開；暫時抽身；退出,中級,1. He stepped away from the desk to answer the phone. 2. Please step away from the machine.,1. 他離開辦公桌去接電話。 2. 請遠離機器。
though,conj. 雖然、儘管 adv. 不過、然而,初級,"1. Though it was raining, we went out. 2. I like him. He is a bit strict, though.",1. 雖然下著雨，我們還是出去了。 2. 我喜歡他。不過他有點嚴厲。
disperse,v. 分散、散開（人群、物體)；驅散,中級,1. The seeds were dispersed by the wind. 2. The crowd was dispersed by the police. ,1. 種子隨風飄散。 2. 人群被警察驅散了。
hesitant,adj. 猶豫的、遲疑的、不確定的,中級,She was hesitant to speak in front of the class.,她猶豫著不敢在全班同學面前發言。
spot,n. 斑點；地點 v. 發現；看見,初級,1. There is a spot on your shirt. 2. This is a good spot to watch the sunset. 3. I spotted my friend in the crowd.,1. 你襯衫上有污漬。 2. 這是個觀賞日落的好地方。 3. 我在人群中看到了我的朋友。
thoughtful,adj. 體貼的；深思的；考慮周到的,中級,"1. It was thoughtful of him to bring me a drink. 2. She sat in a thoughtful mood, staring out the window.",1. 他拿了杯飲料，真體貼。 2. 她若有所思地坐著，望著窗外。
discreetly,adv. 謹慎地；小心地；低調地；不引人注意地,高級,He discreetly left the room during the meeting.,會議期間，他悄悄離開了房間。
fierce,adj. 凶猛的；激烈的；強烈的,中級,1. The tiger is a fierce predator. 2. There was fierce competition for the job.,1. 老虎是兇猛的掠食者。 2. 這份工作的競爭非常激烈。
dispute,n. 爭議、糾紛 v. 爭論、爭執,中級,"1. There is a dispute over land ownership. 2. I don’t dispute your point, but I have another opinion.",1. 存在土地所有權糾紛。 2. 我並不否認你的觀點，但我有不同的看法。
as part of,phr. 作為……的一部分；作為……的一環,初級,He joined the project as part of a team.,他作為團隊成員加入了該專案。
stake,n. 利害關係；賭注；樁 v. 支持（投資）,中級,1. He has a stake in the company. 2. The stake was very high in the game. 3. They drove a stake into the ground. 4. He staked all his money on the business.,1. 他在這家公司有股份。 2. 這場比賽的賭注非常高。 3. 他們把一根木樁釘在地上了。 4. 他把所有的錢都押在這項生意上了。
drastic,adj. 劇烈的、激烈的；極端的,中級,The company made drastic changes to its policy.,該公司對其政策進行了重大調整。
scale,n. 規模；比例；刻度；鱗片 v. 攀爬；擴大,初級,1. The project was expanded on a large scale. 2. The map is drawn to scale. 3. The fish has shiny scales. 4. They scaled the mountain last year.,1. 該項目規模擴大了。 2. 地圖是按比例繪製的。 3. 這條魚的鱗片閃閃發光。 4. 他們去年登上了那座山。
violence,n. 暴力；猛烈；激烈,中級,1. The government is trying to reduce violence in the city. 2. The storm hit with great violence.,1. 政府正努力減少該市的暴力事件。 2. 這場風暴帶來了巨大的破壞。
resort,n. 度假村 ；(不得已的）手段 v. 求助於,中級,1. We stayed at a beach resort during the holiday. 2. Violence should be a last resort. 3. He resorted to lying to avoid trouble.,1. 假期期間，我們住在海濱度假村。 2. 暴力應該是最後的手段。 3. 他為了避免麻煩而說謊。
flirt,v. 調情；輕浮地示好 n. 開玩笑式曖昧,中級,1. They were flirting at the party. 2. She accused him of flirting with other girls.,1. 他們在派對上調情。 2. 她指責他和其他女孩調情。
slightly,adv. 稍微地、輕微地；一點點,中級,The room is slightly cold.,房間有點冷。
enlighten,v. 啟發、使了解、使開悟,高級,Could you enlighten me about this topic?,您能就此話題給我講解一下嗎？
exhaustion,n. 疲憊、筋疲力盡；耗盡,高級,"1. After working 12 hours, he was close to exhaustion. 2. The exhaustion of resources is a serious problem.",1. 他工作了12個小時後，幾乎筋疲力盡。 2. 資源枯竭是一個嚴重的問題。
regret,v./n. 後悔；遺憾,中級,1. I regret not studying harder. 2. He expressed regret for what he said.,1. 我後悔沒有更努力學習。 2. 他對自己說過的話表示後悔。
affection,n. 喜愛；愛慕；感情,中級,1. She has deep affection for her family. 2. The child showed affection for the puppy.,1. 她對家人有著深厚的感情。 2. 孩子對小狗表現出了喜愛。
deserved,adj. 應得的；理所當然的,中級,He got a well-deserved rest after the trip.,旅行結束後，他好好休息了一番。
deserv,v. 理應、應該,中級,He deserved the award.,他當之無愧地獲得了這個獎項。
tumble,v. 跌倒；翻滾；突然下降；崩落 n. 跌倒；翻滾,中級,1. He tripped and tumbled down the stairs. 2. Stock prices tumbled after the news. 3. She took a tumble while skiing.,1. 他絆倒了，從樓梯上摔了下來。 2. 消息傳出後，股價暴跌。 3. 她滑雪時摔了一跤。
immersed,adj. 沉浸的；專心投入的；浸入的,高級,She was completely immersed in her work.,她完全沉浸在工作中。
immerse,v. 沉浸；浸泡,高級,The plant is immersed in water for testing.,將植物浸入水中進行測試。
befitting,adj. 相稱的；適當的,中級,She received a ceremony befitting a queen.,她接受了女王般的禮遇。
greasy,adj. 油膩的；油污的；(人) 狡猾的、油滑的,高級,1. The fries were too greasy. 2. He gave a greasy smile.,1. 薯條太油膩了。 2. 他露出了一個油膩的笑容。
bloated,adj. 腫脹的、臃腫的；膨脹的,中級,1. My stomach feels bloated after eating too much. 2. The company has a bloated structure.,1. 吃太多東西後，我覺得肚子脹脹的。 2. 這家公司結構臃腫。
contest,n. 比賽、競賽 v.爭奪；質疑,中級,1. She won the singing contest. 2. Several candidates are contesting the election. 3. He contested the results of the exam.,1. 她贏得了歌唱比賽。 2. 多位候選人正在競選。 3. 他對考試結果提出了質疑。
aside,adv. 在一旁；暫時離開主題 n. 旁白,中級,"1. He stepped aside to let her pass. 2. Putting jokes aside, this is a serious issue. 3. He spoke an aside during the play.",1. 他側身讓她過去。 2. 不開玩笑，這是個嚴肅的問題。 3. 他在演出期間插話。
tease,v. 戲弄、取笑 (開玩笑)；挑逗 (讓人期待) n. 愛開玩笑的人；戲弄行為,初級,1. They always tease him about his haircut. 2. The trailer teases the ending of the movie. 3. He’s just a friendly tease.,1. 他們總是拿他的髮型開玩笑。 2. 預告片透露了電影的結局。 3. 他只是個愛開玩笑的友善人士。
intention,n. 意圖、目的、打算,中級,1. His intention is to start his own business. 2. She had no intention of lying.,1. 他打算自己創業。 2. 她沒有說謊的意圖。
assumption,n. 假設；臆測；假定；擅自認定,中級,1. His argument is based on several assumptions. 2. You are making an assumption without evidence.,1. 他的論點基於幾個假設。 2. 你在沒有任何證據的情況下做出了假設。
tightly,adv. 緊緊地、牢固地；嚴密地,中級,1. She held the bag tightly. 2. The lid is tightly closed.,1. 她緊緊地抓著包包。 2. 蓋子蓋得很緊。
emphasize,v. 強調；著重；突顯,高級,The teacher emphasized the importance of practice.,老師強調了練習的重要性。
grateful,adj. 感激的；感謝的,中級,I am very grateful for your help.,非常感謝您的幫忙。
decline,v./n. 下降；衰退；拒絕,中級,1. Sales have declined this year. 2. His health is declining. 3. She declined the invitation. 4. There has been a decline in population.,1. 今年的銷售額下降了。 2. 他的健康狀況正在惡化。 3. 她拒絕了邀約。 4. 人口數有所下降。
plane,n. 飛機；平面；刨子 (工具),初級,1. The plane landed safely. 2. Two lines lie on the same plane. 3. He used a plane to smooth the wood.,1. 飛機安全降落。 2. 兩條線位於同一平面上。 3. 他用刨刀把木頭刨平。
just in case,phr. 以防萬一；萬一發生,中級,I brought an umbrella just in case it rains.,我帶了把傘，以防下雨。
apparently,adv. 顯然；據說；看起來；似乎,中級,"1. Apparently, he didn’t know about the meeting. 2. She is apparently very busy these days.",1. 顯然，他並不知道這次會面。 2. 她最近似乎非常忙。
mere,adj. 僅僅的、只不過的；微不足道的,初級,1. It was a mere coincidence. 2. The problem is a mere misunderstanding.,1. 這純屬巧合。 2. 問題只是一場誤會。
exclusive,adj. 獨家的；排他的；高級的；不包括其他人的,中級,1. This is an exclusive interview with the actor. 2. The club is very exclusive.,1. 這是對這位演員的獨家專訪。 2. 這傢俱樂部非常私密。
withstand,v. 承受；抵抗；經得起；頂住,中級,The bridge can withstand strong winds. ,這座橋能承受強風。
enthusiasm,n. 熱情、熱忱；積極性,高級,She shows great enthusiasm for learning English.,她對學習英語表現出極大的熱情。
reaffirm,v. 再次確認；重申；再次肯定,高級,1. The company reaffirmed its commitment to safety. 2. She reaffirmed her decision to study abroad.,1. 公司重申了對安全的承諾。 2. 她重申了出國留學的決定。
go ahead,phr. v. 進行吧；開始吧；請便；前進,初級,"1. “Can I start the project?” — “Go ahead.” 2. Go ahead and take a seat. 3. You go ahead, I’ll catch up later.",1.「我可以開始這個專案了嗎？」—「請便。」2. 請坐。 3.你先開始，我稍後跟上。
fuss,n. 大驚小怪、小題大作 v. 過度操心；忙亂,初級,1. There’s no need to make a fuss.2. She fussed about the details all day.,1. 沒必要大驚小怪。 2. 她整天都在糾結細節。
incident,n. 事件、事故；(尤指不愉快或意外的) 事件,中級,There was an incident at school yesterday.,昨天學校發生了一起事件。
investigation,n. 調查；研究；審查,高級,1. The police launched an investigation into the crime. 2. The investigation of the problem took several months.,1. 警方對這起犯罪事件展開了調查。 2. 對此問題的調查持續了數月時間。
unintentionally,adv. 無意地、非故意地、不小心地,中級,He unintentionally hurt her feelings.,他無意中傷害了她的感情。
endure,v. 忍受；持續；經得起,中級,1. She endured years of hardship. 2. The pain endured for several days. 3. The bridge has endured many storms.,1. 她忍受了多年的艱辛。 2. 疼痛持續了好幾天。 3. 這座橋經受住了許多風暴的考驗。
extent,n. 程度；範圍；大小,初級,1. To what extent do you agree? 2. The extent of the problem is still unclear.,1. 你在多大程度上同意？ 2. 問題的嚴重程度仍不清楚。
envision,v. 想像；設想；構想,中級,She is envisioning a better future for her children.,她正在為孩子們憧憬一個更美好的未來。
wary,adj. 謹慎的、警惕的、小心提防的,初級,Be wary of strangers online.,要警惕網路上的陌生人。
press conference,n. 記者會；新聞發布會,中級,The company held a press conference to announce the new product.,該公司召開記者會，宣布推出新產品。
cash register,n. 收銀機,中級,The cashier opened the cash register.,收銀員打開了收銀機。
catering company,n. 外燴公司；餐飲承包公司,中級,We hired a catering company for the wedding.,我們為婚禮聘請了一家餐飲公司。
maintenance team,n. 維修團隊；維護團隊,中級,The maintenance team fixed the machine quickly.,維修團隊很快就修好機器了。
workout plan,n. 健身計畫；運動訓練計畫,中級,My trainer made a workout plan for me.,我的教練為我制定了一套訓練計畫。
fabric,n. 布料,初級,She bought a piece of fabric to make a dress.,她買了一塊布料準備做裙子。
art gallery,n. 美術館；畫廊,中級,We visited an art gallery downtown.,我們參觀了市中心的美術館。
community fair,n. 社區園遊會；社區博覽會,中級,"The community fair had food, games, and live music.",社區市集上有美食、遊戲和現場音樂表演。
trade show,n. 商展；產業展覽會,中級,Many companies introduced new products at the trade show.,許多公司在展會上推出了新產品。
panel discussion,n. 座談會；專家小組討論,中級,The conference included a panel discussion on climate change.,會議期間舉行了關於氣候變遷的小組討論。
certificate,n. 證書；證照,中級,He received a course certificate after finishing the online class.,他完成線上課程後獲得了課程證書。
vender,n. 攤販；供應商；銷售商,中級,1. A street vendor sells snacks in the night market. 2. The company works with several software vendors.,1. 一位街頭小販在夜市賣小吃。 2. 該公司與多家軟體供應商合作。
assembly plant,n. 組裝工廠；裝配廠,中級,The cars are built in an assembly plant.,這些汽車是在組裝廠生產的。
break room,n. 休息室,初級,Employees can eat lunch in the employee break room.,員工可以在員工休息室吃午餐。
advertising campaign,n. 廣告活動；廣告宣傳計畫,中級,The company launched a new advertising campaign.,該公司推出了一項新的廣告宣傳活動。
incentive,n. 獎勵；激勵；誘因,中級,The company offers financial incentives for good performance.,公司會為業績優異的員工提供經濟獎勵。
travel receipts,n. 旅費收據；出差收據,中級,Please keep all your travel receipts for reimbursement.,請保留所有差旅收據以便報銷。
identification badges,n. 識別證；員工證；身份識別徽章,中級,All employees must wear identification badges at work.,所有員工上班時必須配戴工作證。
manufacturing,adj. 製造的、生產的,中級,a manufacturing plant,一家製造廠
demonstration,n. 示範；展示；示威（遊行）,中級,The teacher gave a demonstration of the experiment.,老師示範了實驗過程。
helmet,n. 頭盔；安全帽,初級,You must wear a helmet when riding a motorcycle.,騎摩托車時必須戴安全帽。
construct,v. 建造；構築；組成；建構,中級,1. They are constructing a new bridge. 2. The theory was constructed from years of research. 3. He constructed a clear argument.,1. 他們正在建造一座新橋。 2. 該理論是多年研究的成果。 3. 他建構了一個清晰的論點。
push a cart,phr. 推推車；推手推車,初級,She is pushing a cart in the supermarket.,她正在超市推著購物車。
cabinet,n. 櫥櫃；內閣；機櫃,中級,1. She put the dishes in the kitchen cabinet. 2. The president announced changes to the cabinet. 3. The server is stored in a cabinet.,1. 她把碗碟放進了櫃子裡。 2. 總統宣布了內閣改組。 3. 伺服器存放在櫃子裡。
process,n./v. 過程；流程；處理；加工,初級,1. Learning a language is a long process. 2. The system processes the data automatically. 3. The factory processes food for export.,1. 學習語言是一個漫長的過程。 2. 系統會自動處理資料。 3. 工廠加工食品用於出口。
launch,v./n. 發射；推出；啟動；開展,中級,1. The rocket was launched into space. 2. The company launched a new smartphone. 3. They launched a new project last month. 4. The product launch was successful.,1. 火箭發射升空。 2. 該公司發布了一款新智慧型手機。 3. 他們上個月啟動了一個新計畫。 4. 產品發表會很成功。
initiative,n. 主動性；倡議；新計畫；主動行動,高級,1. She showed great initiative at work. 2. The government launched a new initiative to reduce pollution. 3. He took the initiative to solve the problem.,1. 她在工作中展現了極強的積極性。 2. 政府啟動了一項減少污染的新措施。 3. 他主動承擔了解決問題的責任。
enclose,v. 隨函附上；包圍；圍住；圈起來,初級,1. I enclose a copy of my resume. 2. The garden is enclosed by a fence.,1. 我附上我的履歷。 2. 花園四周有圍欄。
inspection,n. 檢查；視察；審查,中級,1. The car passed inspection. 2. The manager made an inspection of the factory.,1. 這輛車通過了檢驗。 2. 經理對工廠進行了視察。
inventory,n. 庫存；存貨；清單；盤點,中級,1. The store keeps a large inventory of products. 2. We made an inventory of all the equipment. 3. The company conducts an annual inventory.,1. 這家商店備有大量的商品庫存。 2. 我們清點了所有設備。 3. 公司每年進行一次庫存盤點。
serve,v. 服務；提供；供應；服役；發球,初級,1. The waiter served the customers quickly. 2. They served dinner at 7 p.m. 3. He served in the army for five years. 4. She served the ball well.,1. 服務生很快就為顧客們上了菜。 2. 他們晚上7點開始供應晚餐。 3. 他在軍隊服役了五年。 4. 她把舞會辦得很好。
refreshment,n. 茶點；點心；提神；恢復精神,中級,1. Light refreshments were served after the meeting. 2. A short walk gave me some refreshment.,1. 會後提供了茶點。 2. 短暫的散步讓我精神煥發。
distribute,v. 分發；分配；散佈；配送,中級,1. The teacher distributed the worksheets to the students. 2. The species is widely distributed across Asia. 3. The company distributes products worldwide.,1. 老師把練習題分發給了學生。 2. 這種物種廣泛分佈於亞洲。 3. 該公司在全球銷售產品。
estimate,v./n. 估計；估算；預估,中級,1. We estimate the cost at $500. 2. The repair estimate is too high.,1. 我們估計費用為 500 美元。 2. 維修估價太高了。
application,n. 應用；申請；申請書；應用程式,中級,1. I submitted my job application yesterday. 2. This theory has many practical applications. 3. I downloaded a new application on my phone. ,1. 我昨天提交了求職申請。 2. 這個理論有很多實際應用。 3. 我在手機上下載了一個新的應用程式。
implement,v./n. 實施；執行,中級,1. The company will implement the new policy next month. 2. We need to implement this plan immediately.,1. 公司將於下個月實施新政策。 2. 我們需要立即執行這項計劃。
measure,n./v. 測量；衡量；措施；尺寸,初級,1. We measured the length of the table. 2. It is hard to measure success. 3. The government introduced new safety measures. 4. The tailor took my measurements.,1. 我們測量了桌子的長度。 2. 成功很難衡量。 3. 政府推出了新的安全措施。 4. 裁縫師為我量了尺寸。
warranty,n. 保固；保證；保固書,初級,1. The phone comes with a one-year warranty. 2. There is no warranty that the plan will succeed.,1. 該手機享有一年保固。 2. 該計劃不保證一定成功。
agricultural,adj. 農業的；農用的 ,中級,1. The country has a strong agricultural industry. 2. Agricultural land is used for growing crops.,1. 該國農業產業發達。 2. 農業用地用於種植農作物。
purpose,n. 目的；意圖；用途,初級,1. What is the purpose of this meeting? 2. This tool serves a useful purpose.,1. 本次會議的目的是什麼？ 2. 這個工具很有用。
merge,v. 合併；融合；並入,初級,1. The two companies will merge next year. 2. The colors merge into one another.,1. 這兩家公司將於明年合併。 2. 這些顏色相互融合。
fund-raiser,n. 募款活動,初級,The school held a fund-raiser for charity.,學校舉辦了一場慈善募款活動。
postpone,v. 延期；推遲；延後,初級,The meeting was postponed until next week.,會議延後到下週舉行。
waterfront,n. 海濱；河岸；水邊地區,初級,The hotel is located on the waterfront.,飯店位於海濱。
document,n. 文件、證件、文檔 v. 記錄、紀錄,初級,1. Please bring your identification documents. 2. The researcher documented the results carefully.,1. 請攜帶您的身分證件。 2. 研究人員已仔細記錄了結果。
fold,v. 摺疊、對摺 n. 摺痕、折疊處,初級,1. She folded the paper in half. 2. There is a fold in the fabric.,1. 她把紙對折了。 2. 布料上有一道摺痕。
manuscript,n. 手稿；原稿；稿件,中級,She sent her manuscript to a publisher.,她把稿件寄給了出版社。
access,n. 使用權、進入權 v. 存取、取得；進入,初級,1. Only staff members have access to this room. 2. You can access the files online.,1. 只有工作人員才能進入此房間。 2. 您可以在線上存取這些文件。
discard,v. 丟棄、拋棄 n. 廢棄物,初級,1. Please discard the broken items. 2. They discarded the original plan. 3. The pile of discards was growing.,1. 請丟棄破損物品。 2. 他們放棄了原計劃。 3. 廢棄物堆積如山。
duplicate,v. 複製、複印 n. 副本、複製品 adj. 重複的、一模一樣的,中級,1. Please duplicate this document. 2. Keep a duplicate of the contract. 3. There are duplicate files on the computer.,1. 請複印此文件。 2. 請保留一份合約副本。 3. 電腦裡有重複的檔案。
file,n. 檔案、文件 v. 歸檔；提交,初級,1. I saved the file on my desktop. 2. She filed the documents alphabetically. 3. He filed a complaint with the company.,1. 我把文件保存到了桌面。 2. 她以字母順序整理了文件。 3. 他向公司提出了投訴。
administrative,adj. 行政的；管理的；行政上的,高級,She works in an administrative position.,她從事行政工作。
analyze,v. 分析、解析、細究,初級,The scientist analyzed the data carefully.,這位科學家仔細分析了數據。
clerical,adj. 文書的、辦公室的、行政文書工作的,中級,1. She does clerical work in a hospital. 2. Clerical staff handle filing and data entry.,1. 她在醫院當文員工作。 2. 文員負責文件歸檔和資料輸入。
draft,n. 草稿、初稿 v. 起草、草擬 adj. 草擬的、初步的,初級,1. I wrote the first draft of my report. 2. She drafted a proposal for the project. 3. a draft version of the document.,1. 我寫了報告的初稿。 2. 她起草了一份專案提案。 3. 文件的草稿版本。
finalize,v. 完成、定案、敲定、使最終確定,中級,We need to finalize the report by Friday.,我們需要在周五之前完成報告。
paperwork,n. 文書工作；行政文件,初級,I spent the whole afternoon doing paperwork.,我整個下午都在處理文書工作。
revise,v. 修改、修訂、復習(英式用法),初級,1. I need to revise my essay. 2. She is revising for the exam.,1. 我需要修改我的文章。 2. 她正在複習考試。
tight,adj. 緊的、緊密的；緊張的；緊湊的,初級,1. These shoes are too tight. 2. The crowd was very tight.3. We have a tight schedule.,1. 這雙鞋太緊了。 2. 人群非常擁擠。 3. 我們的日程安排很緊湊。
timely,adj. 適時的、及時的、恰當時機的,初級,The timely warning helped prevent an accident.,及時的警告避免了一起事故的發生。
attachment,n. 附件；附屬物；依附；感情依戀,中級,1. Please see the attachment for details. 2. This vacuum cleaner comes with several attachments. 3. She has a strong attachment to her hometown.,1. 詳情請見附件。 2. 這款吸塵器配有多種配件。 3. 她對家鄉有著深厚的感情。
attentive,adj. 注意的、專心的；體貼的,中級,1. The students were very attentive in class. 2. He is an attentive waiter.,1. 學生上課非常專心。 2. 他是一位細心的服務生。
concerning,conj. 關於；涉及 adj. 令人擔心的,中級,1. We had a meeting concerning the project. 2. There is some concerning news about the economy.,1. 我們開會討論了這個項目。 2. 有一些關於經濟的令人擔憂的消息。
reschedule,v. 重新安排；改期；調整時間 ,中級,1. We had to reschedule the meeting. 2. The flight was rescheduled to tomorrow.,1. 我們不得不重新安排會議時間。 2. 航班改期到明天了。
efficient,adj. 有效率的、效率高的；節能的,中級,1. She is very efficient at her job. 2. This machine is very efficient. 3. an energy-efficient car,1. 她工作效率很高。 2. 這台機器效率很高。 3. 一輛節能汽車
manner,n. 方式；態度；舉止；禮貌,中級,1. He spoke in a polite manner. 2. Her manner was very calm.,1. 他說話很有禮貌。 2. 她舉止非常沉穩。
stamp,n. 郵票；印章 v. 蓋章；跺腳,初級,1. I put a stamp on the letter. 2. The document has an official stamp. 3.The clerk stamped my passport.  4. He stamped his foot in anger.,1. 我在信上貼了郵票。 2. 這份文件上有官方印章。 3. 辦事員在我的護照上蓋了章。 4. 他生氣地跺了跺腳。
format,n. 格式、形式 v. 編排；設定格式,初級,1. The document is in PDF format. 2. Please format the text before submitting.,1. 文件為PDF格式。 2. 請在提交前調整文字格式。
address,n. 地址；演講 v. 對付、處理,中級,1. What is your home address? 2. The president gave a speech and an address. 3. We need to address this issue immediately.,1. 你的家庭住址是什麼？ 2. 總統發表了演說。 3. 我們需要立即解決這個問題。
announce,v. 宣布、公告、宣告,中級,The company announced a new product.,該公司發布了一款新產品。
in advance,phr. 提前；事先,中級,Please book the tickets in advance.,請提前預訂門票。
overview,n. 概述、總覽、概觀,初級,1. The report gives an overview of the project. 2. This book provides a good overview of history.,1. 該報告概述了該項目。 2. 這本書對歷史做了很好的概述。
summarize,v. 總結、摘要、概述,中級,Please summarize the article in three sentences.,請用三句話概括這篇文章。
about,prep. 關於 adv. 大約；附近；即將,初級,1. This book is about history. 2. It is about 5 o’clock. 3. He is somewhere about. 4. I was about to leave.,1. 這本書是關於歷史的。 2. 現在大約五點。 3. 他就在附近。 4. 我正要離開。
explain,v. 解釋、說明、闡述 ,初級,Can you explain this grammar rule?,你能解釋一下這條語法規則嗎？
circulate,v. 流通；循環；散播；傳閱,中級,1. The air circulates in the room. 2. Rumors circulated quickly. 3. The memo was circulated among employees.,1. 房間裡的空氣流通。 2. 謠言傳得很快。 3. 這份備忘錄在員工之間傳閱。
forward,adv. 向前、往前 adj. 前方的；未來的 v. 轉寄；推進、促進,中級,"1. Step forward, please. 2. the forward direction 3. Please forward the email to me. 4. This plan will forward our goals.",1. 請上前一步。 2. 前進的方向。 3. 請把郵件轉寄給我。 4. 這個計劃將有助於我們達成目標。
inform,v. 通知、告知、報告,初級,1. Please inform me of any changes. 2. She informed the manager about the problem.,1. 如有任何變動，請告知我。 2. 她已將問題告知經理。
reminder,n. 提醒；提醒事項；提示,中級,1. I set a reminder for the meeting. 2. The app sends daily reminders.,1. 我設定了會議提醒。 2. 該應用程式每天都會發送提醒。
state,n. 狀態、情況；州 (美國行政區)；國家 v. 陳述、說明,初級,1. The machine is in a bad state. 2. California is a large state. 3. the state government 4. He stated his opinion clearly.,1. 這台機器狀況很差。 2. 加州是一個大州。 3. 州政府。 4. 他清楚地表達了自己的觀點。
attention,n. 注意、專注；關注、留意,初級,1. Please pay attention in class. 2. The issue has received a lot of attention.,1. 請認真聽課。 2. 這個問題已經引起了廣泛關注。
notify,v. 通知；告知；正式告知,初級,1. Please notify me when you arrive. 2. The company notified employees about the policy update.,1. 您到達時請通知我。 2. 本公司已將政策更新通知員工。
short notice,phr. n. 短時間通知；臨時通知,中級,"Sorry for the short notice, but the meeting is cancelled.",很抱歉通知得這麼晚，會議取消了。
notice,n./v. 注意；通知；公告；察覺 ,初級,1. The school posted a notice on the board. 2. I didn’t take notice of it. 3. Did you notice the change?,1. 學校在公告欄上張貼了通知。 2. 我沒注意到。 3. 你注意到變化了嗎？
beforehand,adv. 提前；事先,中級,I prepared everything beforehand.,我事先做好了一切準備。
pertinent,adj. 相關的、切題的；恰當的 ,中級,Please provide all pertinent information.,請提供所有相關資訊。
enact,v. 制定 (法律)；頒布；實施；上演,初級,1. The government enacted a new law. 2. The policy was enacted last year. 3. The play enacts a historical event.,1. 政府頒布了一項新法。 2. 這項政策是去年頒布的。 3. 這部戲劇再現了一個歷史事件。
obligate,v. 使有義務；迫使；約束,中級,1. The contract obligates the company to provide support. 2. He felt obligated to help his friend.,1. 合約規定公司有義務提供支援。 2. 他覺得自己有義務幫助朋友。
since,prep. 自從 conj. 因為、既然 adv. 此後、從那之後,初級,"1. I have lived here since 2020. 2. Since it is raining, we will stay home. 3. He left in 2019 and hasn’t been seen since.",1. 我從2020年起就住在這裡。 2. 因為下雨，我們會待在家裡。 3. 他2019年離開後就杳無音訊。
temporary,adj. 臨時的；暫時的,中級,We are staying in a temporary shelter.,我們目前住在臨時住所。
command,n./v. 命令；指令；控制；掌握,中級,1. The officer gave a clear command. 2. The general commanded the troops. 3. He has a good command of English.,1. 這位軍官下達了明確的命令。 2. 這位將軍指揮了部隊。 3. 他的英語很好。
frequently,adv. 頻繁地、經常地,中級,This problem occurs frequently.,這個問題經常發生。
mandatory,adj. 強制的、必須的；法定的,中級,1. Wearing a seatbelt is mandatory. 2. Attendance at the meeting is mandatory.,1. 必須係安全帶。 2. 必須出席會議。
affect,v. 影響；作用於,初級,1. he new policy will affect many workers. 2. Smoking can affect your health.,1. 這項新政策將影響許多工人。 2. 吸煙有害健康。
avoid,v. 避免、迴避、躲開,初級,1. He avoided answering the question. 2. She avoided the crowded area.,1. 他迴避了這個問題。 2. 她避開了人群密集的地方。
aware,adj. 意識到的、察覺到的；知道的,初級,1. I am aware of the problem. 2. She became aware of the danger.,1. 我意識到這個問題了。 2. 她意識到了危險。
circumstance,n. 情況；環境；條件,高級,"1. Under normal circumstances, this would be easy. 2. We must consider the circumstances before deciding. 3. In these circumstances, we should cancel the trip.",1. 通常情況下，這很容易。 2. 我們必須考慮具體情況後再做決定。 3. 在這種情況下，我們應該取消這次旅行。
concern,n./v. 關心；擔憂；涉及；關於,中級,1. There is growing concern about climate change. 2. This issue concerns everyone.,1. 人們越來越關注氣候變遷。 2. 這個問題與每個人都息息相關。
nearly,adv. 幾乎、差不多、將近,初級,1. I nearly missed the bus. 2. It is nearly 10 o’clock. 3. The work is nearly finished.,1. 我差點錯過公車了。 2. 現在快十點了。 3. 這項工作快完成了。
,,,,
,,,,
,,,,
,,,,
,,,,
,,,,
,,,,
,,,,
,,,,
,,,,
,,,,
,,,,
,,,,
,,,,
,,,,
,,,,
,,,,
,,,,
,,,,
,,,,
,,,,
,,,,
,,,,
,,,,
,,,,
,,,,
,,,,
,,,,
,,,,
,,,,
,,,,
,,,,
,,,,
,,,,
,,,,
,,,,
,,,,
